osm_way_id,street_name,road_type,ward_code,ward_name,status
1000528487,St Teilo Street,primary,W05001062,Pontarddulais,not_started
1009930471,Salem Road,residential,W05001050,Landore,not_started
101453735,Mumbles Road,primary,W05001067,Uplands,not_started
101453735,Mumbles Road,primary,W05001068,Waterfront,not_started
101453737,Glamorgan Street,residential,W05001041,Castle,not_started
101453751,Oystermouth Road,primary,W05001041,Castle,not_started
101552351,Dol-Y-Coed,residential,W05001045,Dunvant_Killay,not_started
10158749,Linden Avenue,residential,W05001056,Mumbles,not_started
10159349,Murton Green Road,tertiary,W05001039,Bishopston,not_started
10159423,Manselfield Road,tertiary,W05001039,Bishopston,not_started
10159589,Oldway,tertiary,W05001039,Bishopston,not_started
10159674,Lime Kiln Lane,residential,W05001039,Bishopston,not_started
10159855,Tudor Way,residential,W05001039,Bishopston,not_started
10159906,Kilfield Road,residential,W05001039,Bishopston,not_started
10160219,Pyle Road,tertiary,W05001039,Bishopston,not_started
10160325,Bishopston Road,tertiary,W05001039,Bishopston,not_started
10160480,Church Lane,unclassified,W05001039,Bishopston,not_started
10160613,The Glebe,residential,W05001039,Bishopston,not_started
10160671,Wellfield,residential,W05001039,Bishopston,not_started
10160792,Providence Lane,unclassified,W05001039,Bishopston,not_started
10161011,School Lane,unclassified,W05001039,Bishopston,not_started
101906724,Jersey Road,primary,W05001040,Bon-y-maen,not_started
1019444421,Clydach Road,secondary,W05001055,Morriston,not_started
1019444430,Ynysforgan Roundabout,primary,W05001055,Morriston,not_started
1019444435,Ffordd Cwm Tawe,primary,W05001055,Morriston,not_started
10231352,Ravenhill Road,tertiary,W05001043,Cockett,not_started
10237816,South Close,residential,W05001039,Bishopston,not_started
10237985,Vensland,residential,W05001039,Bishopston,not_started
10238288,Gerret's Close,residential,W05001039,Bishopston,not_started
10238741,Caswell Bay Road,tertiary,W05001039,Bishopston,not_started
10238945,Hilland Drive,residential,W05001039,Bishopston,not_started
10243865,Eastlands Park,residential,W05001039,Bishopston,not_started
10244365,Whitestone Road,residential,W05001039,Bishopston,not_started
10244395,Whitestone Avenue,residential,W05001039,Bishopston,not_started
10244762,Hunter's Lane,bridleway,W05001039,Bishopston,not_started
10245076,Prince Of Wales Road,residential,W05001041,Castle,not_started
10245148,John Street,unclassified,W05001041,Castle,not_started
102481670,Maes Briallu,residential,W05001052,Llansamlet,not_started
102481677,Maes-yr-Awel,residential,W05001052,Llansamlet,not_started
1025585685,Swansea Road,primary,W05001063,Pontlliw_Tircoed,not_started
10259843,Pastoral Way,residential,W05001064,Sketty,not_started
10259848,Rural Way,residential,W05001064,Sketty,not_started
10259868,Rosemary Close,residential,W05001064,Sketty,not_started
10259913,Blackthorn Place,residential,W05001064,Sketty,not_started
10260001,Gwynedd Avenue,residential,W05001066,Townhill,not_started
10260148,Christina Street,secondary,W05001041,Castle,not_started
10262771,Brandy Cove Road,residential,W05001039,Bishopston,not_started
10262806,PwllDu Lane,residential,W05001039,Bishopston,not_started
10262844,Backingstone Lane,unclassified,W05001039,Bishopston,not_started
10262954,Brandy Cove Lane,unclassified,W05001039,Bishopston,not_started
10262979,Old Kittle Road,unclassified,W05001039,Bishopston,not_started
10262979,Old Kittle Road,unclassified,W05001061,Pennard,not_started
10267096,Quarr Road,tertiary,W05001042,Clydach,not_started
10267102,Heol Maes Eglwys,tertiary,W05001055,Morriston,not_started
10267131,Rhodfa Fadog,residential,W05001055,Morriston,not_started
10267345,Pant Lasau Road,tertiary,W05001055,Morriston,not_started
10267365,Clase Road,primary,W05001055,Morriston,not_started
10267549,Heol Dyfan,residential,W05001055,Morriston,not_started
10270094,Andrew Crescent,residential,W05001055,Morriston,not_started
10270111,Orpheus Road,residential,W05001055,Morriston,not_started
10270121,Dee Place,residential,W05001055,Morriston,not_started
10270128,Heol Dolfain,residential,W05001055,Morriston,not_started
10270399,Bryntawe Road,residential,W05001055,Morriston,not_started
10270422,Rhodfa'r Eos,residential,W05001055,Morriston,not_started
10275640,Woodside Close,residential,W05001039,Bishopston,not_started
10275648,Ridley Way,residential,W05001039,Bishopston,not_started
10275696,Broadmead Crescent,residential,W05001039,Bishopston,not_started
10275950,Ynys Newydd Road,residential,W05001064,Sketty,not_started
10297764,Eversley Road,residential,W05001064,Sketty,not_started
10297765,Frogmore Avenue,residential,W05001064,Sketty,not_started
10297766,Coed Saeson Crescent,residential,W05001064,Sketty,not_started
10297768,Hazelmere Road,residential,W05001064,Sketty,not_started
10297769,Grosvenor Road,residential,W05001064,Sketty,not_started
10297770,Sketty Avenue,residential,W05001064,Sketty,not_started
10298183,Middle Road,tertiary,W05001043,Cockett,not_started
10298184,Ffordd Cynore,secondary,W05001059,Penderry,not_started
10298186,Gors Avenue,tertiary,W05001066,Townhill,not_started
10298186,Gors Avenue,tertiary,W05001041,Castle,not_started
1030449232,Bryn Bach Road,unclassified,W05001063,Pontlliw_Tircoed,not_started
1030449233,Allt Y Graban Road,unclassified,W05001062,Pontarddulais,not_started
10304747,Northway Court,residential,W05001039,Bishopston,not_started
10304765,Northlands Park,residential,W05001039,Bishopston,not_started
10304801,The Chestnuts,residential,W05001039,Bishopston,not_started
10304902,Long Acre Court,residential,W05001039,Bishopston,not_started
10304910,Long Acre,residential,W05001039,Bishopston,not_started
10305001,Heol y Cwmdu,unclassified,W05001043,Cockett,not_started
10305104,Bridge Street,secondary,W05001041,Castle,not_started
10305146,Neath Road,secondary,W05001050,Landore,not_started
10305212,Ffordd Cwm Tawe,primary,W05001050,Landore,not_started
10305464,Headland Road,residential,W05001039,Bishopston,not_started
10305466,Headland Close,residential,W05001039,Bishopston,not_started
10305492,Middle Croft Lane,unclassified,W05001039,Bishopston,not_started
10305508,Pentre Mawr Road,tertiary,W05001050,Landore,not_started
10305508,Pentre Mawr Road,tertiary,W05001041,Castle,not_started
10305517,Ysgubor Fach Street,tertiary,W05001041,Castle,not_started
10305523,Langdon Road,tertiary,W05001068,Waterfront,not_started
10305824,St. Teilo's Court,unclassified,W05001039,Bishopston,not_started
10306081,Newton Road,secondary,W05001056,Mumbles,not_started
10306516,Langland Road,secondary,W05001056,Mumbles,not_started
10306618,Castle Avenue,residential,W05001056,Mumbles,not_started
10306651,Castle Road,residential,W05001056,Mumbles,not_started
10306662,Castle Square,residential,W05001056,Mumbles,not_started
10306731,Norton Avenue,residential,W05001056,Mumbles,not_started
10306732,Llanfair Gardens,residential,W05001056,Mumbles,not_started
10306744,Hadland Terrace,residential,W05001056,Mumbles,not_started
10306746,Brooklyn Gardens,residential,W05001056,Mumbles,not_started
10306764,Glen Road,residential,W05001056,Mumbles,not_started
10306775,Riversdale Road,residential,W05001056,Mumbles,not_started
10311095,Llwyn Teg,residential,W05001043,Cockett,not_started
10311259,Bryn Road,residential,W05001069,Waunarlwydd,not_started
1032762491,Rhianfa Gardens,residential,W05001067,Uplands,not_started
10357370,Copley Lodge,residential,W05001039,Bishopston,not_started
10357376,Copley Close,unclassified,W05001039,Bishopston,not_started
10357411,Tudor Court,residential,W05001039,Bishopston,not_started
103598245,Clasemont Road,primary,W05001057,Mynydd-bach,not_started
1036510204,Landor Drive,residential,W05001053,Llwchwr,not_started
1036510205,Taliesin Place,residential,W05001053,Llwchwr,not_started
1036510216,Rhodfa‘r Bedw,construction,W05001053,Llwchwr,not_started
1040247880,Lon Brynawel,residential,W05001052,Llansamlet,not_started
1041062391,Waun Fawr,residential,W05001055,Morriston,not_started
1041968584,Home Farm Way,residential,W05001060,Penllergaer,not_started
10424879,Higher Lane,tertiary,W05001056,Mumbles,not_started
10425127,Thistleboon Road,tertiary,W05001056,Mumbles,not_started
10425286,West Cross Lane,tertiary,W05001056,Mumbles,not_started
10426284,Southlands Drive,residential,W05001056,Mumbles,not_started
10426300,Cormorant Way,residential,W05001056,Mumbles,not_started
10426316,Slade Road,residential,W05001056,Mumbles,not_started
10426320,Sherringham Drive,residential,W05001056,Mumbles,not_started
10426324,Southward Lane,tertiary,W05001056,Mumbles,not_started
10426689,Manselfield Road,tertiary,W05001056,Mumbles,not_started
10426695,Murton Lane,tertiary,W05001056,Mumbles,not_started
1047710927,Derwen Fawr Road,secondary,W05001064,Sketty,not_started
1047710928,Mumbles Road,primary,W05001064,Sketty,not_started
1047710938,Cwm Farm Lane,unclassified,W05001064,Sketty,not_started
1050520413,Golwg Hafren,residential,W05001064,Sketty,not_started
1052322115,Clevedon Court,residential,W05001067,Uplands,not_started
1052559914,Ffordd yr Olchfa,residential,W05001045,Dunvant_Killay,not_started
1053369645,Oakwood Road,residential,W05001067,Uplands,not_started
105714023,St. Albans Road,residential,W05001067,Uplands,not_started
105714024,Bryn Road,tertiary,W05001067,Uplands,not_started
105714029,Canterbury Road,residential,W05001067,Uplands,not_started
10580632,Elmgrove Road,residential,W05001056,Mumbles,not_started
10580657,Woodland Avenue,residential,W05001056,Mumbles,not_started
10594618,Heol Pentre-Felen,tertiary,W05001051,Llangyfelach,not_started
10594618,Heol Pentre-Felen,tertiary,W05001057,Mynydd-bach,not_started
10594619,Heol Waun Wen,residential,W05001051,Llangyfelach,not_started
10594620,Maes Sant Teilo,residential,W05001051,Llangyfelach,not_started
10594621,Clos Sant Teilo,residential,W05001051,Llangyfelach,not_started
10594622,Cwmgelli Road,residential,W05001057,Mynydd-bach,not_started
10594624,Maytree Close,residential,W05001057,Mynydd-bach,not_started
10594628,Clyndu Street,tertiary,W05001055,Morriston,not_started
10594629,Morfydd Street,residential,W05001055,Morriston,not_started
10594630,Pentremalwed Road,residential,W05001055,Morriston,not_started
10594631,Aran Street,residential,W05001055,Morriston,not_started
10594731,Mulberry Avenue,tertiary,W05001056,Mumbles,not_started
10594783,Norton Road,residential,W05001056,Mumbles,not_started
10594882,Rowan Avenue,residential,W05001064,Sketty,not_started
10596870,West Cross Avenue,residential,W05001056,Mumbles,not_started
10633404,Trewyddfa Road,residential,W05001055,Morriston,not_started
10633406,Heol Nant Gelli,residential,W05001050,Landore,not_started
10633406,Heol Nant Gelli,residential,W05001057,Mynydd-bach,not_started
10633407,Bryn Terrace,residential,W05001050,Landore,not_started
10633408,Manselton Road,tertiary,W05001044,Cwmbwrla,not_started
10633412,Samlet Road,primary,W05001052,Llansamlet,not_started
10633413,Bran Close,unclassified,W05001052,Llansamlet,not_started
106362617,Brynmill Avenue,residential,W05001067,Uplands,not_started
1063627133,George Manning Way,residential,W05001049,Gowerton,not_started
10639381,Mynydd Garnlwyd Road,residential,W05001057,Mynydd-bach,not_started
10639381,Mynydd Garnlwyd Road,residential,W05001055,Morriston,not_started
10639382,Llewelyn Park Drive,residential,W05001057,Mynydd-bach,not_started
10639386,Beaufort Road,unclassified,W05001055,Morriston,not_started
10639389,Lon Enfys,residential,W05001052,Llansamlet,not_started
10639390,Bethel Road,tertiary,W05001052,Llansamlet,not_started
10639391,Bryn Morfa,residential,W05001040,Bon-y-maen,not_started
10647280,Clyne Crescent,residential,W05001056,Mumbles,not_started
10647290,Muirfield Drive,residential,W05001056,Mumbles,not_started
10647313,Sunningdale Avenue,residential,W05001056,Mumbles,not_started
10647344,Clyne Close,residential,W05001056,Mumbles,not_started
106512688,Waterloo Place,residential,W05001067,Uplands,not_started
106512689,Trafalgar Place,residential,W05001067,Uplands,not_started
106517227,Marlborough Road,residential,W05001067,Uplands,not_started
10683525,Alderwood Road,residential,W05001056,Mumbles,not_started
10683955,Brynmill Lane,tertiary,W05001064,Sketty,not_started
1069012247,Overland Road,residential,W05001056,Mumbles,not_started
1071238697,Heol Fach,residential,W05001051,Llangyfelach,not_started
10753214,Highpool Lane,residential,W05001056,Mumbles,not_started
10753286,Highmead Avenue,residential,W05001056,Mumbles,not_started
10753365,The Orchard,residential,W05001056,Mumbles,not_started
10753515,Bramley Drive,residential,W05001056,Mumbles,not_started
10753724,Reigit Lane,unclassified,W05001039,Bishopston,not_started
10753987,Curlew Close,residential,W05001056,Mumbles,not_started
10754011,Wentworth Crescent,residential,W05001056,Mumbles,not_started
10754466,Mumbles Road,primary,W05001056,Mumbles,not_started
10754769,Llwynderw Drive,residential,W05001056,Mumbles,not_started
10754869,Heneage Drive,residential,W05001056,Mumbles,not_started
10754950,Llwynderw Close,residential,W05001056,Mumbles,not_started
10755243,Aylesbury Road,residential,W05001067,Uplands,not_started
10755322,Finsbury Terrace,residential,W05001067,Uplands,not_started
1077371656,Carmel Road,secondary,W05001040,Bon-y-maen,not_started
107755355,Llys-Gwyn Terrace,residential,W05001062,Pontarddulais,not_started
1078915988,Vale of Neath Road,unclassified,W05001065,StThomas,not_started
1079249630,New Cut Road,primary,W05001041,Castle,not_started
1080369500,Sketty Lane,primary,W05001064,Sketty,not_started
10804348,Owls Lodge Lane,unclassified,W05001056,Mumbles,not_started
10804370,Ashburnham Drive,residential,W05001056,Mumbles,not_started
10804430,Radyr Avenue,residential,W05001056,Mumbles,not_started
10805112,De Breos Street,residential,W05001067,Uplands,not_started
10805136,Kemble Street,residential,W05001067,Uplands,not_started
10805330,Langland Terrace,residential,W05001067,Uplands,not_started
10805330,Langland Terrace,residential,W05001064,Sketty,not_started
1080680399,Gwent Road,tertiary,W05001066,Townhill,not_started
1080768563,Plunch Lane,tertiary,W05001056,Mumbles,not_started
1080797921,Somerset Road,residential,W05001056,Mumbles,not_started
1082541981,Gloucester Place,residential,W05001056,Mumbles,not_started
1082542025,Park Street,residential,W05001056,Mumbles,not_started
1083291659,Wellington Street,unclassified,W05001041,Castle,not_started
1083583073,Oystermouth Road,primary,W05001068,Waterfront,not_started
1083583074,West Way,tertiary,W05001041,Castle,not_started
1086525466,Mynydd Gelli Wastad Road,unclassified,W05001055,Morriston,not_started
1086525478,Western Road,unclassified,W05001055,Morriston,not_started
1086525478,Western Road,unclassified,W05001042,Clydach,not_started
1087019977,Lone Road,tertiary,W05001042,Clydach,not_started
1087020056,Vardre Road,tertiary,W05001042,Clydach,not_started
1087026331,Sway Road,secondary,W05001055,Morriston,not_started
1087029788,Llanllienwen Road,unclassified,W05001055,Morriston,not_started
1087029790,Cwmrhydyceirw Road,tertiary,W05001055,Morriston,not_started
1087029791,Maes-y-Gwernen Road,residential,W05001055,Morriston,not_started
1087032821,Rhydypandy Road,unclassified,W05001051,Llangyfelach,not_started
1087034606,Byng Street,residential,W05001050,Landore,not_started
1087035409,Brunel Way,unclassified,W05001050,Landore,not_started
1087038218,Minotaur Way,residential,W05001040,Bon-y-maen,not_started
1087040541,Nantong Way,tertiary,W05001040,Bon-y-maen,not_started
1087040544,Ffordd Donaldson,residential,W05001040,Bon-y-maen,not_started
1087040545,Brunel Way,unclassified,W05001040,Bon-y-maen,not_started
108821251,Pant yr Helyg,residential,W05001043,Cockett,not_started
1090377066,Tycoch Road,tertiary,W05001064,Sketty,not_started
1090377066,Tycoch Road,tertiary,W05001067,Uplands,not_started
10905059,Beaufort Drive,residential,W05001061,Pennard,not_started
10905066,Beaufort Gardens,residential,W05001061,Pennard,not_started
109177301,Ffordd Ger y Llyn,residential,W05001063,Pontlliw_Tircoed,not_started
109177311,Clos Ger Y Maes,residential,W05001063,Pontlliw_Tircoed,not_started
109177314,Heol Tircoed,residential,W05001063,Pontlliw_Tircoed,not_started
110256838,Castle View,residential,W05001056,Mumbles,not_started
110256840,Brynau Drive,residential,W05001056,Mumbles,not_started
110256855,Westport Avenue,residential,W05001056,Mumbles,not_started
110256861,Upper Castle View,residential,W05001056,Mumbles,not_started
110256863,Mayals Road,secondary,W05001056,Mumbles,not_started
110256876,Willowbrook Gardens,residential,W05001056,Mumbles,not_started
1102860145,Convent Street,residential,W05001041,Castle,not_started
110382782,Mixen Close,residential,W05001056,Mumbles,not_started
110382785,Shearwater Close,residential,W05001056,Mumbles,not_started
110382792,Dunster Close,residential,W05001056,Mumbles,not_started
110532245,Whitegates,residential,W05001056,Mumbles,not_started
110532254,Mulgrave Way,residential,W05001056,Mumbles,not_started
1106304488,The Lone,unclassified,W05001042,Clydach,not_started
110666117,Havergal Close,residential,W05001056,Mumbles,not_started
110666118,Victoria Court,residential,W05001056,Mumbles,not_started
110691205,Maes yr Eos,residential,W05001056,Mumbles,not_started
110691211,Rushwind Close,residential,W05001056,Mumbles,not_started
110691236,Fulmar Close,residential,W05001056,Mumbles,not_started
110691239,Highpool Close,residential,W05001056,Mumbles,not_started
110691241,Orchid Court,residential,W05001056,Mumbles,not_started
110691249,Osprey Close,residential,W05001056,Mumbles,not_started
110691260,Gonhill,residential,W05001056,Mumbles,not_started
11084924,Belvedere Close,residential,W05001061,Pennard,not_started
11088126,Castle Bailey Street,pedestrian,W05001041,Castle,not_started
11088163,Castle Street,secondary,W05001041,Castle,not_started
11089071,The Strand,tertiary,W05001050,Landore,not_started
11089071,The Strand,tertiary,W05001041,Castle,not_started
11090991,Lan Coed,residential,W05001040,Bon-y-maen,not_started
111495904,Stepney Mews,residential,W05001044,Cwmbwrla,not_started
112075997,Oak Tree Avenue,residential,W05001064,Sketty,not_started
112075998,Birch Tree Close,residential,W05001064,Sketty,not_started
112176737,Pentre Bach,residential,W05001043,Cockett,not_started
11256692,Knoll Avenue,residential,W05001067,Uplands,not_started
11256718,Pant Y Gwydr Road,residential,W05001067,Uplands,not_started
11260545,Quay Parade,primary,W05001041,Castle,not_started
11354273,Clyne Drive,residential,W05001056,Mumbles,not_started
11354404,Fernhill Close,residential,W05001056,Mumbles,not_started
11354519,Sherborne Walk,residential,W05001056,Mumbles,not_started
11354739,Rhyddings Terrace,residential,W05001067,Uplands,not_started
11355081,Richmond Terrace,residential,W05001067,Uplands,not_started
11355098,Uplands Terrace,residential,W05001067,Uplands,not_started
11355113,Mirador Crescent,residential,W05001067,Uplands,not_started
11355158,St James's Crescent,residential,W05001067,Uplands,not_started
11356355,Quay Parade,primary,W05001065,StThomas,not_started
11358075,Quay Parade,primary,W05001068,Waterfront,not_started
11361673,East Bank Way,primary,W05001065,StThomas,not_started
11361974,Pentreguinea Road,primary,W05001065,StThomas,not_started
11362056,King's Road,tertiary,W05001065,StThomas,not_started
11362056,King's Road,tertiary,W05001068,Waterfront,not_started
11489999,Penbryn Terrace,residential,W05001067,Uplands,not_started
11490035,Malvern Terrace,residential,W05001067,Uplands,not_started
115028403,Vernon Close,residential,W05001063,Pontlliw_Tircoed,not_started
115028406,Christopher Rise,residential,W05001063,Pontlliw_Tircoed,not_started
115028415,Oaklands Road,residential,W05001063,Pontlliw_Tircoed,not_started
115028418,Clos Glanlliw,residential,W05001063,Pontlliw_Tircoed,not_started
115122056,Water Street,primary,W05001062,Pontarddulais,not_started
1152878168,Parc Llydan,residential,W05001061,Pennard,not_started
115654386,Baglan Street,residential,W05001065,StThomas,not_started
115654392,Dinam Road,unclassified,W05001065,StThomas,not_started
115654392,Dinam Road,unclassified,W05001040,Bon-y-maen,not_started
115654395,Bay View,residential,W05001065,StThomas,not_started
115654397,Monton Terrace,residential,W05001065,StThomas,not_started
115654398,Bog Road,unclassified,W05001040,Bon-y-maen,not_started
115830881,Loughor Road,secondary,W05001053,Llwchwr,not_started
1159203446,Ffordd Cynore,secondary,W05001043,Cockett,not_started
1159203448,Pontarddulais Road,primary_link,W05001059,Penderry,not_started
1159203448,Pontarddulais Road,primary_link,W05001043,Cockett,not_started
1159203449,Pentregethin Road,tertiary,W05001059,Penderry,not_started
1159252602,Carmarthen Road,primary,W05001043,Cockett,not_started
1159252608,Carmarthen Road,primary,W05001044,Cwmbwrla,not_started
1159252617,Carmarthen Road,primary,W05001041,Castle,not_started
1160212019,Western Lane,unclassified,W05001056,Mumbles,not_started
11645276,Heatherslade Road,residential,W05001061,Pennard,not_started
11645344,Deepslade Close,residential,W05001061,Pennard,not_started
11645451,Foxhole Drive,residential,W05001061,Pennard,not_started
11645961,Saint Catwg Walk,residential,W05001056,Mumbles,not_started
11647373,Pennard Road,tertiary,W05001061,Pennard,not_started
1164824471,Waverley Drive,residential,W05001056,Mumbles,not_started
11648862,Caswell Drive,residential,W05001056,Mumbles,not_started
11648867,Summerland Lane,residential,W05001056,Mumbles,not_started
11648890,Woollacott Drive,residential,W05001056,Mumbles,not_started
11651660,Chesshyre Street,residential,W05001067,Uplands,not_started
11679247,Beechwood Road,residential,W05001067,Uplands,not_started
11679247,Beechwood Road,residential,W05001064,Sketty,not_started
11685840,Limekiln Road,unclassified,W05001056,Mumbles,not_started
116907962,Clos Islwyn,residential,W05001045,Dunvant_Killay,not_started
116907966,Cowper Close,residential,W05001045,Dunvant_Killay,not_started
116907973,Walters Row,secondary,W05001045,Dunvant_Killay,not_started
117220300,Clos Allt-y-Gog,residential,W05001062,Pontarddulais,not_started
117220304,Gwynfryn Road,residential,W05001062,Pontarddulais,not_started
117220306,Park Terrace,residential,W05001062,Pontarddulais,not_started
117220308,Llys Ger y Llan,residential,W05001062,Pontarddulais,not_started
117334009,Heol y Wern,residential,W05001053,Llwchwr,not_started
117334010,Gwalia Crescent,residential,W05001047,Gorseinon_Penyrheol,not_started
117334012,Penmynydd,residential,W05001047,Gorseinon_Penyrheol,not_started
117334012,Penmynydd,residential,W05001053,Llwchwr,not_started
117624042,Charlotte Court,residential,W05001043,Cockett,not_started
117624043,Lee Court,residential,W05001043,Cockett,not_started
1176634221,Rotherslade Road,unclassified,W05001056,Mumbles,not_started
1178782310,Thistleboon Gardens,residential,W05001056,Mumbles,not_started
117882884,Llwyncelyn Avenue,residential,W05001062,Pontarddulais,not_started
117882885,Garnswllt Road,unclassified,W05001062,Pontarddulais,not_started
117882886,Cae-Gwyn Road,residential,W05001062,Pontarddulais,not_started
117882888,Heol Wyllt,unclassified,W05001062,Pontarddulais,not_started
117882891,Heol Glynteg,residential,W05001062,Pontarddulais,not_started
117882892,Plasgwyn,residential,W05001062,Pontarddulais,not_started
117882894,Upper Mill Road,residential,W05001062,Pontarddulais,not_started
117882895,Ger-y-Pant,residential,W05001062,Pontarddulais,not_started
117885017,Y Llanerch,residential,W05001063,Pontlliw_Tircoed,not_started
117885019,Dillwyn Court,residential,W05001063,Pontlliw_Tircoed,not_started
117885022,Heol-y-Twyn,residential,W05001063,Pontlliw_Tircoed,not_started
117885024,Woodfield Avenue,residential,W05001063,Pontlliw_Tircoed,not_started
117885025,Pant-y-Deri,residential,W05001063,Pontlliw_Tircoed,not_started
117885026,Heol Pant-y-Lliw,residential,W05001063,Pontlliw_Tircoed,not_started
117885030,Bryn Bach Road,unclassified,W05001062,Pontarddulais,not_started
117885031,Bryn Road,residential,W05001063,Pontlliw_Tircoed,not_started
117885033,Heol y Waun,residential,W05001063,Pontlliw_Tircoed,not_started
117885034,The Dell,residential,W05001063,Pontlliw_Tircoed,not_started
1184221784,Eastcliff,unclassified,W05001061,Pennard,not_started
118713799,Teddington Place,residential,W05001062,Pontarddulais,not_started
118713802,Clayton Drive,residential,W05001062,Pontarddulais,not_started
118713804,Williams Street,residential,W05001062,Pontarddulais,not_started
118713805,Myrtle Hill,residential,W05001062,Pontarddulais,not_started
118713808,Maesgwyn Road,residential,W05001062,Pontarddulais,not_started
118713810,Ffordd Cambria,residential,W05001062,Pontarddulais,not_started
1189151052,Llys Morfydd,residential,W05001062,Pontarddulais,not_started
1189369873,Awel Y Mor,residential,W05001064,Sketty,not_started
1189375991,Bishops Wood Grove,residential,W05001056,Mumbles,not_started
1189380216,Heol Tegeirian,residential,W05001059,Penderry,not_started
1190383684,Caswell Road,tertiary,W05001039,Bishopston,not_started
1191711939,Bullins Lane,residential,W05001067,Uplands,not_started
119335399,St Brides Close,residential,W05001062,Pontarddulais,not_started
119558332,Castle Street,primary,W05001053,Llwchwr,not_started
119617010,Llys Jernegan,residential,W05001068,Waterfront,not_started
119617011,Heathfield,residential,W05001041,Castle,not_started
119617364,Padley Road,residential,W05001068,Waterfront,not_started
119767745,Bolgoed Road,primary,W05001063,Pontlliw_Tircoed,not_started
119767745,Bolgoed Road,primary,W05001062,Pontarddulais,not_started
120403567,Penclawdd Road,secondary,W05001049,Gowerton,not_started
120824308,Clos Burlais,residential,W05001044,Cwmbwrla,not_started
120824314,Harrington Place,unclassified,W05001041,Castle,not_started
120824316,Llwyn Helyg,residential,W05001043,Cockett,not_started
120824318,Harrington Street,residential,W05001041,Castle,not_started
120824320,Harlington Road,residential,W05001043,Cockett,not_started
120824332,Griffith John Street,unclassified,W05001041,Castle,not_started
12092674,Brynmill Crescent,residential,W05001067,Uplands,not_started
12096024,Long Shepherds Drive,residential,W05001056,Mumbles,not_started
12096028,Clyne Valley Lane,unclassified,W05001064,Sketty,not_started
12097560,Cypress Avenue,residential,W05001056,Mumbles,not_started
12099312,Caswell Road,secondary,W05001056,Mumbles,not_started
120995504,Vaughan Crescent,residential,W05001062,Pontarddulais,not_started
120995509,Heol Daniel,residential,W05001062,Pontarddulais,not_started
12102913,Clyne Common,secondary,W05001056,Mumbles,not_started
121078969,Hollybush Close,residential,W05001056,Mumbles,not_started
121078970,Bude Haven Terrace,residential,W05001056,Mumbles,not_started
121078971,Silverhurst,residential,W05001056,Mumbles,not_started
121078972,Broadview Lane,residential,W05001056,Mumbles,not_started
121078974,Westcliff Mews,residential,W05001056,Mumbles,not_started
121078975,Dunns Close,residential,W05001056,Mumbles,not_started
121078976,Berma Close,residential,W05001056,Mumbles,not_started
12110831,Heol Y Fran,residential,W05001055,Morriston,not_started
12110833,Rhodfa'r Dryw,residential,W05001055,Morriston,not_started
121153701,Weobley Court,residential,W05001059,Penderry,not_started
121153702,Lark Place,residential,W05001059,Penderry,not_started
121153704,Portmead Place,residential,W05001059,Penderry,not_started
121153707,Falcon Place,residential,W05001059,Penderry,not_started
121153710,Alderbrook Court,residential,W05001059,Penderry,not_started
121153711,Eagles Place,residential,W05001059,Penderry,not_started
121153712,Ty'r Maes,residential,W05001059,Penderry,not_started
121153713,Mewslade Avenue,residential,W05001059,Penderry,not_started
121153715,Portmead Avenue,residential,W05001059,Penderry,not_started
121153717,Robin Road,residential,W05001059,Penderry,not_started
121153718,Miller's Court,residential,W05001059,Penderry,not_started
121153719,Briar's Court,residential,W05001059,Penderry,not_started
121153722,Blaen-y-Maes Drive,residential,W05001059,Penderry,not_started
121154145,Pittsburgh Court,residential,W05001059,Penderry,not_started
121154147,Knelston Place,residential,W05001059,Penderry,not_started
121154149,Waldhof Court,residential,W05001059,Penderry,not_started
121166125,St. Rhidian Road,residential,W05001059,Penderry,not_started
121166127,Cathan Crescent,residential,W05001059,Penderry,not_started
121166129,Clos Aneira,residential,W05001043,Cockett,not_started
121166130,Paviland Place,residential,W05001059,Penderry,not_started
121166132,Clos Calfaria,residential,W05001043,Cockett,not_started
121166133,Ozanam Court,residential,W05001059,Penderry,not_started
121166136,Jubilee Way,unclassified,W05001043,Cockett,not_started
121166138,Heol Newydd,residential,W05001059,Penderry,not_started
121166139,The Crescent,residential,W05001059,Penderry,not_started
121166140,Cheriton Crescent,residential,W05001059,Penderry,not_started
121166142,Whiteford Road,residential,W05001059,Penderry,not_started
121166146,Fermoy Court,residential,W05001059,Penderry,not_started
121166147,Cathan Close,residential,W05001059,Penderry,not_started
121166157,Cwm Cadle,residential,W05001059,Penderry,not_started
121166167,St. Cenydd Road,residential,W05001059,Penderry,not_started
121166171,Heol Gruffydd,residential,W05001059,Penderry,not_started
121166180,Chiltern Close,residential,W05001043,Cockett,not_started
1211774620,Thistleboon Drive,unclassified,W05001056,Mumbles,not_started
12123086,Lady Housty Avenue,residential,W05001056,Mumbles,not_started
12123406,Burnham Drive,residential,W05001056,Mumbles,not_started
12123823,Lambourne Drive,residential,W05001056,Mumbles,not_started
12124318,Alder Way,residential,W05001056,Mumbles,not_started
12124726,Olive Road,residential,W05001056,Mumbles,not_started
12125018,Cedar Crescent,residential,W05001056,Mumbles,not_started
12125276,Mill Lane,residential,W05001056,Mumbles,not_started
121262767,Le-Breos,residential,W05001056,Mumbles,not_started
121346941,Gwydr Mews,residential,W05001067,Uplands,not_started
1213902915,Mayals Avenue,residential,W05001056,Mumbles,not_started
121405171,Gethin Close,residential,W05001043,Cockett,not_started
1214101629,Uplands Crescent,primary,W05001067,Uplands,not_started
121411229,Tavistock Close,residential,W05001064,Sketty,not_started
1214337498,Heol Alltiago,unclassified,W05001062,Pontarddulais,not_started
1215062353,Cefn Road,residential,W05001040,Bon-y-maen,not_started
1215063037,Garden Crescent,residential,W05001053,Llwchwr,not_started
121535306,Broadway Court,residential,W05001064,Sketty,not_started
121574541,Pen-y-Garn,residential,W05001040,Bon-y-maen,not_started
121574543,Pentre-Chwyth Road,secondary,W05001040,Bon-y-maen,not_started
121574545,Rifleman's Row,residential,W05001040,Bon-y-maen,not_started
121574547,Gwendraeth Place,residential,W05001040,Bon-y-maen,not_started
121574550,Aeron Place,residential,W05001040,Bon-y-maen,not_started
121574553,Grenfell Town,residential,W05001040,Bon-y-maen,not_started
121574560,Dartford Drive,residential,W05001040,Bon-y-maen,not_started
121574561,Dartford Place,residential,W05001040,Bon-y-maen,not_started
121574564,Ogmore Place,residential,W05001040,Bon-y-maen,not_started
121574565,Park Close,residential,W05001040,Bon-y-maen,not_started
121574568,Taplow Terrace,residential,W05001040,Bon-y-maen,not_started
121574569,Buckingham Road,residential,W05001040,Bon-y-maen,not_started
121574570,Gwyndy Road,residential,W05001040,Bon-y-maen,not_started
121574573,Wye Close,residential,W05001040,Bon-y-maen,not_started
121574576,Kenfig Place,residential,W05001040,Bon-y-maen,not_started
121578158,Coch-y-Cwm Road,unclassified,W05001040,Bon-y-maen,not_started
121578160,Myrddin Road,residential,W05001040,Bon-y-maen,not_started
121578164,Carreg Cennen Gardens,residential,W05001040,Bon-y-maen,not_started
121578176,Ty-Draw Place,residential,W05001040,Bon-y-maen,not_started
121613325,Fabian Way,trunk,W05001068,Waterfront,not_started
121661103,Ty Gwyn,residential,W05001049,Gowerton,not_started
121661514,Olchfa Close,residential,W05001064,Sketty,not_started
121661518,Hanover Court,residential,W05001064,Sketty,not_started
1216629057,Carmarthen Road,primary,W05001066,Townhill,not_started
1216629060,Heol Caecerrig,unclassified,W05001062,Pontarddulais,not_started
1217571387,Llewelyn Circle,residential,W05001066,Townhill,not_started
1217911124,Woodford Road,tertiary,W05001059,Penderry,not_started
1217911126,Stembridge Avenue,residential,W05001059,Penderry,not_started
1217913983,Ffordd-y-Brain,residential,W05001059,Penderry,not_started
1217914834,Headland Road,residential,W05001065,StThomas,not_started
121799518,Foxhole Road,primary,W05001065,StThomas,not_started
121799531,Matthew Street,residential,W05001041,Castle,not_started
121802803,The Court Yard,residential,W05001041,Castle,not_started
121802804,Graig Place,residential,W05001041,Castle,not_started
121802805,Brynsifi Way,residential,W05001041,Castle,not_started
121816392,Nantyffin Road South,unclassified,W05001052,Llansamlet,not_started
121816395,Glandwr Crescent,residential,W05001050,Landore,not_started
121816398,Shepherds Road,residential,W05001050,Landore,not_started
121816414,Calland Street,residential,W05001050,Landore,not_started
121818942,Glyndwr Place,residential,W05001066,Townhill,not_started
121818943,Powys Gardens,residential,W05001066,Townhill,not_started
121818944,Courtlands Way,residential,W05001059,Penderry,not_started
121818944,Courtlands Way,residential,W05001043,Cockett,not_started
121818945,Carig Gardens,residential,W05001066,Townhill,not_started
121818946,Cadfan Road,residential,W05001066,Townhill,not_started
1218834714,Glanmor Road,tertiary,W05001067,Uplands,not_started
1218907297,Walters Road Roundabout,secondary,W05001052,Llansamlet,not_started
1218909181,Caemawr Road,tertiary,W05001055,Morriston,not_started
1219299112,Swansea Road,secondary,W05001053,Llwchwr,not_started
1219850234,Clasemont Road,primary,W05001055,Morriston,not_started
122131979,Bath Villas,residential,W05001055,Morriston,not_started
122131980,Llys y Graig,residential,W05001055,Morriston,not_started
122135203,Uplands Terrace,residential,W05001055,Morriston,not_started
1221558773,Gelli Gynore,unclassified,W05001060,Penllergaer,not_started
1222938793,Walter Road,primary,W05001067,Uplands,not_started
1223805998,Glais Road,tertiary,W05001042,Clydach,not_started
1223897224,Swansea Road,secondary,W05001051,Llangyfelach,not_started
122539917,Byng Morris Close,residential,W05001064,Sketty,not_started
1225781286,Bryn Teg,residential,W05001052,Llansamlet,not_started
122959018,Webbons Way,unclassified,W05001066,Townhill,not_started
122959018,Webbons Way,unclassified,W05001043,Cockett,not_started
122959024,Heol-y-Gors,tertiary,W05001066,Townhill,not_started
1230102672,Furzeland Drive,residential,W05001064,Sketty,not_started
1230102687,Whitethorne Place,residential,W05001064,Sketty,not_started
123082547,Gower Road,primary,W05001064,Sketty,not_started
123082551,Mayflower Close,residential,W05001064,Sketty,not_started
12313915,Summerland Road,unclassified,W05001056,Mumbles,not_started
1232671240,Sketty Park Drive,tertiary,W05001064,Sketty,not_started
1232780605,Tower Gardens,residential,W05001066,Townhill,not_started
1233081858,North Hill Road,residential,W05001041,Castle,not_started
1233443972,Grove Place,secondary,W05001041,Castle,not_started
123433442,Gower Road,primary,W05001067,Uplands,not_started
123518665,Llwynmawr Lane,residential,W05001064,Sketty,not_started
123518666,Llwynmawr Road,tertiary,W05001064,Sketty,not_started
123570686,Brynmill Lane,tertiary,W05001067,Uplands,not_started
123570693,Park Place,residential,W05001067,Uplands,not_started
1235921272,Bond Street,residential,W05001041,Castle,not_started
1235921273,Rodney Street,residential,W05001041,Castle,not_started
1236708656,Heol Gwyrosydd,tertiary,W05001059,Penderry,not_started
1236708656,Heol Gwyrosydd,tertiary,W05001057,Mynydd-bach,not_started
1236712280,Llwyn Mawr Close,residential,W05001064,Sketty,not_started
123699310,Cockett Road,primary,W05001067,Uplands,not_started
123699310,Cockett Road,primary,W05001064,Sketty,not_started
123699313,Fleet Street,residential,W05001041,Castle,not_started
123699314,Glanbrydan Avenue,residential,W05001067,Uplands,not_started
123699316,Gorse Lane,tertiary,W05001067,Uplands,not_started
123699318,Graiglwyd Road,residential,W05001066,Townhill,not_started
123699319,Graiglwyd Road,residential,W05001043,Cockett,not_started
123699319,Graiglwyd Road,residential,W05001067,Uplands,not_started
123699323,Lôn Towy,residential,W05001043,Cockett,not_started
123699324,Pen Y Graig Road,tertiary,W05001041,Castle,not_started
123699324,Pen Y Graig Road,tertiary,W05001067,Uplands,not_started
123699325,Phillip's Parade,residential,W05001067,Uplands,not_started
123699325,Phillip's Parade,residential,W05001041,Castle,not_started
123699327,Saint Helen's Road,secondary,W05001067,Uplands,not_started
123699327,Saint Helen's Road,secondary,W05001041,Castle,not_started
123699340,Terrace Road,residential,W05001067,Uplands,not_started
123699341,Terrace Road,residential,W05001041,Castle,not_started
123699344,Walter Road,primary,W05001041,Castle,not_started
123723621,Nicander Parade,residential,W05001066,Townhill,not_started
123723621,Nicander Parade,residential,W05001041,Castle,not_started
123723625,Townhill Road,tertiary,W05001067,Uplands,not_started
123845488,Creidiol Road,residential,W05001066,Townhill,not_started
123845519,Baptist Well Place,unclassified,W05001041,Castle,not_started
123845519,Baptist Well Place,unclassified,W05001066,Townhill,not_started
123882121,Townhill Road,tertiary,W05001041,Castle,not_started
123882121,Townhill Road,tertiary,W05001066,Townhill,not_started
123934088,New Cut Road,primary,W05001068,Waterfront,not_started
123934090,Parc Tawe Link Road,tertiary,W05001041,Castle,not_started
123934093,East Bank Way,primary,W05001068,Waterfront,not_started
123937318,Gwili Terrace,residential,W05001066,Townhill,not_started
123937319,Mayhill Road,residential,W05001066,Townhill,not_started
124317772,Geiriol Road,residential,W05001066,Townhill,not_started
124317772,Geiriol Road,residential,W05001043,Cockett,not_started
124317773,Gors Avenue,tertiary,W05001043,Cockett,not_started
124317775,Gwynedd Avenue,residential,W05001043,Cockett,not_started
124317776,Heol-y-Gors,tertiary,W05001043,Cockett,not_started
124492936,Ystrad Road,tertiary,W05001043,Cockett,not_started
124541371,Heol y Barna,unclassified,W05001063,Pontlliw_Tircoed,not_started
1246260177,Cecil Road,secondary,W05001049,Gowerton,not_started
1248142751,Swallow Street,residential,W05001068,Waterfront,not_started
1249253711,Languages Corridor,corridor,W05001064,Sketty,not_started
1249255847,Lower Science Corridor,corridor,W05001064,Sketty,not_started
1249255848,Lower DT Corridor,corridor,W05001064,Sketty,not_started
1249257696,English Corridor,corridor,W05001064,Sketty,not_started
12502639,Withy Park,residential,W05001039,Bishopston,not_started
12504235,Guildhall Road South,secondary,W05001041,Castle,not_started
12504328,Guildhall Road South,secondary,W05001067,Uplands,not_started
12504949,Catherine Street,residential,W05001041,Castle,not_started
12504949,Catherine Street,residential,W05001067,Uplands,not_started
1252943221,Pentre Road,secondary,W05001062,Pontarddulais,not_started
1253230261,Gorseinon Road,primary,W05001047,Gorseinon_Penyrheol,not_started
1253230262,Heol y Mynydd,tertiary,W05001047,Gorseinon_Penyrheol,not_started
1253230263,Gorseinon Road,primary,W05001060,Penllergaer,not_started
1253252072,Victoria Road,secondary,W05001053,Llwchwr,not_started
1253252076,Cwmbach Road,secondary,W05001069,Waunarlwydd,not_started
1253252077,Cockett Road,primary,W05001043,Cockett,not_started
1253255775,Townhill Road,tertiary,W05001064,Sketty,not_started
1253255776,Lôn Cadog,residential,W05001067,Uplands,not_started
1253255777,Vivian Road,primary_link,W05001064,Sketty,not_started
1253270033,Pentrepoeth Road,primary,W05001055,Morriston,not_started
125332635,Heol Calfin,residential,W05001059,Penderry,not_started
125332638,Middle Road,residential,W05001044,Cwmbwrla,not_started
125332642,Station Road,primary,W05001043,Cockett,not_started
1253601392,Walters Road,tertiary,W05001052,Llansamlet,not_started
1253954714,Ynys-y-Mond Road,tertiary,W05001042,Clydach,not_started
125492784,Cwmbach Road,secondary,W05001043,Cockett,not_started
125492789,John Street,residential,W05001043,Cockett,not_started
125812399,Pentregethin Road,tertiary,W05001044,Cwmbwrla,not_started
125813056,Llys y Felin,residential,W05001044,Cwmbwrla,not_started
125865223,Gerddi Alexander,residential,W05001044,Cwmbwrla,not_started
1258971569,Victoria Road,primary,W05001068,Waterfront,not_started
125952333,Walters Street,residential,W05001044,Cwmbwrla,not_started
126064089,Pleasant Row,residential,W05001044,Cwmbwrla,not_started
126066313,Mansel Terrace,tertiary,W05001044,Cwmbwrla,not_started
126066315,Approach Road,tertiary,W05001044,Cwmbwrla,not_started
126066316,Courtney Street,unclassified,W05001044,Cwmbwrla,not_started
126066860,Millwood Court,residential,W05001041,Castle,not_started
126066861,Cilfrow Court,residential,W05001041,Castle,not_started
12624743,Port Tennant Road,tertiary,W05001065,StThomas,not_started
12628117,Albert Row,unclassified,W05001041,Castle,not_started
12630171,Argyle Street,residential,W05001068,Waterfront,not_started
12630171,Argyle Street,residential,W05001041,Castle,not_started
126851320,Marcroft Road,residential,W05001065,StThomas,not_started
126851325,Ruston Road,residential,W05001065,StThomas,not_started
1281216086,The Bryn,residential,W05001064,Sketty,not_started
12824357,Dunns Lane,residential,W05001056,Mumbles,not_started
12827947,Caswell Avenue,residential,W05001056,Mumbles,not_started
12828512,Picket Mead Road,residential,W05001056,Mumbles,not_started
128394562,Pyle Court,residential,W05001039,Bishopston,not_started
129108754,Roger Street,residential,W05001057,Mynydd-bach,not_started
129108754,Roger Street,residential,W05001059,Penderry,not_started
129215665,Cadle Crescent,residential,W05001059,Penderry,not_started
129215668,Tudno Place,residential,W05001059,Penderry,not_started
129215671,Hollett Road,residential,W05001057,Mynydd-bach,not_started
129215672,Milford Way,residential,W05001059,Penderry,not_started
129215673,Mynydd Newydd Road,tertiary,W05001059,Penderry,not_started
129215675,Penderry Road,residential,W05001059,Penderry,not_started
129215682,Ty'r Felin,residential,W05001059,Penderry,not_started
129296056,Dove Road,residential,W05001059,Penderry,not_started
129296057,Woodview Place,residential,W05001059,Penderry,not_started
1293457006,Promenade Terrace,residential,W05001056,Mumbles,not_started
129399734,Penfilia Road,tertiary,W05001057,Mynydd-bach,not_started
129399739,Siloh Crescent,residential,W05001050,Landore,not_started
129747976,Mariner Street,unclassified,W05001041,Castle,not_started
129749141,High Street,secondary,W05001041,Castle,not_started
1299501674,Castle Grove,residential,W05001053,Llwchwr,not_started
130006533,Y Llwyni,residential,W05001051,Llangyfelach,not_started
130006561,Woodland House,residential,W05001057,Mynydd-bach,not_started
130047361,Cyncoed Close,residential,W05001045,Dunvant_Killay,not_started
130146087,Mandinam Park,residential,W05001064,Sketty,not_started
130148096,Hendre,residential,W05001045,Dunvant_Killay,not_started
130148097,Bro Dedwydd,residential,W05001045,Dunvant_Killay,not_started
130148098,Gwelfor,residential,W05001045,Dunvant_Killay,not_started
130148101,Yr Elain,residential,W05001045,Dunvant_Killay,not_started
130148117,Yr Aran,residential,W05001045,Dunvant_Killay,not_started
130148120,Rhiwlas,residential,W05001045,Dunvant_Killay,not_started
130148123,Y Glyn,residential,W05001045,Dunvant_Killay,not_started
130148135,Oakdene,residential,W05001045,Dunvant_Killay,not_started
130149037,Goetre Bellaf,residential,W05001045,Dunvant_Killay,not_started
130149038,Kennington Close,residential,W05001045,Dunvant_Killay,not_started
130149039,St Hilary Drive,residential,W05001045,Dunvant_Killay,not_started
130149041,St David Drive,residential,W05001045,Dunvant_Killay,not_started
130149045,Y Gorlan,residential,W05001045,Dunvant_Killay,not_started
130155124,Highland Terrace,residential,W05001045,Dunvant_Killay,not_started
131079325,The Mead,residential,W05001045,Dunvant_Killay,not_started
1310898723,Wellfield Place,residential,W05001056,Mumbles,not_started
1311772446,Langland Bay Road,residential,W05001056,Mumbles,not_started
1311772449,St. Anne's Close,residential,W05001056,Mumbles,not_started
1314044133,Challacombe Place,residential,W05001056,Mumbles,not_started
1314186691,Slade Gardens,unclassified,W05001056,Mumbles,not_started
131620262,Clos Arthur Morris,residential,W05001044,Cwmbwrla,not_started
131620263,Furnace Way,residential,W05001041,Castle,not_started
131620264,Lime Court,residential,W05001041,Castle,not_started
131620268,Mainwaring Terrace,residential,W05001041,Castle,not_started
131823444,Dillwyn Street,tertiary,W05001041,Castle,not_started
131823446,Graig Street,residential,W05001041,Castle,not_started
131823447,Mansel Street,primary,W05001041,Castle,not_started
131823453,Union Street,pedestrian,W05001041,Castle,not_started
132682755,Trallwn Road,tertiary,W05001052,Llansamlet,not_started
132682975,Upper High Street,secondary,W05001041,Castle,not_started
132683879,Llangyfelach Street,secondary,W05001041,Castle,not_started
1327110230,The Kingsway,tertiary,W05001041,Castle,not_started
132734345,Millwood Gardens,residential,W05001045,Dunvant_Killay,not_started
132816040,Dylan Close,residential,W05001045,Dunvant_Killay,not_started
132816964,Tidal Reach,unclassified,W05001062,Pontarddulais,not_started
132817722,Hafan Y Don,residential,W05001045,Dunvant_Killay,not_started
132831047,Maes Yr Efail,residential,W05001045,Dunvant_Killay,not_started
13303728,Bay View Terrace,residential,W05001067,Uplands,not_started
13303904,Victoria Terrace,residential,W05001067,Uplands,not_started
13304339,Nicholl Street,residential,W05001041,Castle,not_started
13305270,Glanmor Crescent,residential,W05001067,Uplands,not_started
13305399,Hawthorne Avenue,residential,W05001067,Uplands,not_started
13305595,Victoria Street,residential,W05001067,Uplands,not_started
13305890,Pinewood Road,residential,W05001067,Uplands,not_started
133148270,Nant Dawel,residential,W05001062,Pontarddulais,not_started
133202245,Pont-y-Shoot,residential,W05001050,Landore,not_started
133203307,New Quarr Road,residential,W05001057,Mynydd-bach,not_started
133204963,Graham Berry Court,residential,W05001059,Penderry,not_started
133205512,Berwyn Place,residential,W05001059,Penderry,not_started
133205918,St Lawrence Court,residential,W05001059,Penderry,not_started
133205919,St Jude's Close,residential,W05001057,Mynydd-bach,not_started
133206152,Tirdeunaw Close,residential,W05001057,Mynydd-bach,not_started
133208001,Heol y Geifr,unclassified,W05001051,Llangyfelach,not_started
133208005,The Close,residential,W05001051,Llangyfelach,not_started
133209434,Dylan's View,residential,W05001067,Uplands,not_started
133210304,Madoc Place,unclassified,W05001041,Castle,not_started
133678105,Llwynmawr Lane,residential,W05001049,Gowerton,not_started
133678107,Lôn y Cob,residential,W05001049,Gowerton,not_started
133679313,Stafford Common,unclassified,W05001053,Llwchwr,not_started
133794025,Hallbank Terrace,residential,W05001056,Mumbles,not_started
133794694,Gowerton Road,unclassified,W05001049,Gowerton,not_started
133794695,Cae Mansel Lane,unclassified,W05001049,Gowerton,not_started
13438239,Nottage Road,residential,W05001056,Mumbles,not_started
13438439,Saint Peter's Road,residential,W05001056,Mumbles,not_started
13439922,Oakland Road,residential,W05001056,Mumbles,not_started
13443699,Oxford Street,unclassified,W05001041,Castle,not_started
13443908,Beach Street,residential,W05001041,Castle,not_started
1346925642,Smiths Drive,residential,W05001040,Bon-y-maen,not_started
135481702,Fabian Way,trunk,W05001065,StThomas,not_started
135481704,Kingsway,unclassified,W05001043,Cockett,not_started
135481707,White City Road,unclassified,W05001043,Cockett,not_started
135648751,Gower Road,primary,W05001045,Dunvant_Killay,not_started
1359707867,Wern Fawr Road,residential,W05001065,StThomas,not_started
136229570,Sketty Park Road,primary,W05001064,Sketty,not_started
136229641,Dillwyn Road,primary,W05001064,Sketty,not_started
13629811,Redwood Road,residential,W05001056,Mumbles,not_started
13629889,Maytree Avenue,residential,W05001056,Mumbles,not_started
13629915,Green Bank Road,residential,W05001056,Mumbles,not_started
13629968,Birchfield Road,residential,W05001056,Mumbles,not_started
13632858,Western Street,residential,W05001041,Castle,not_started
13632910,Little Gam Street,residential,W05001041,Castle,not_started
13634861,Victoria Avenue,residential,W05001041,Castle,not_started
13635017,Vincent Street,residential,W05001041,Castle,not_started
13635162,Burrows Road,pedestrian,W05001041,Castle,not_started
13635180,Richardson Road,residential,W05001041,Castle,not_started
13636361,Somerset Place,residential,W05001068,Waterfront,not_started
13636619,Cambrian Place,residential,W05001068,Waterfront,not_started
13636654,Adelaide Street,unclassified,W05001068,Waterfront,not_started
13637284,Delhi Street,residential,W05001065,StThomas,not_started
13637603,Cambridge Street,residential,W05001067,Uplands,not_started
1364459858,Skylark Drive,residential,W05001060,Penllergaer,not_started
1364459859,Fern Drive,residential,W05001060,Penllergaer,not_started
1364459860,Thistle Street,residential,W05001060,Penllergaer,not_started
1364459863,Golygfa Llysninni,residential,W05001060,Penllergaer,not_started
136489658,Emily Court,residential,W05001068,Waterfront,not_started
1365352993,Cwm Level Road,tertiary,W05001050,Landore,not_started
1370730230,Gwernllwynchwyth Road,residential,W05001052,Llansamlet,not_started
13712614,Gwerneinon Road,residential,W05001064,Sketty,not_started
13712628,High View Gardens,residential,W05001064,Sketty,not_started
13712691,Royal Oak Road,residential,W05001064,Sketty,not_started
13712868,Warwick Road,residential,W05001064,Sketty,not_started
13713150,Roman Bridge Close,residential,W05001056,Mumbles,not_started
13713230,Roman Court,residential,W05001056,Mumbles,not_started
13714176,Gloucester Place,residential,W05001068,Waterfront,not_started
13714251,East Burrows Road,unclassified,W05001068,Waterfront,not_started
13714287,Burrows Place,unclassified,W05001068,Waterfront,not_started
137491583,College Street,secondary,W05001041,Castle,not_started
137491592,Singleton Street,unclassified,W05001041,Castle,not_started
1375378190,Station Road,residential,W05001052,Llansamlet,not_started
137611774,Lôn Teify,residential,W05001043,Cockett,not_started
137611785,Victoria Road,primary,W05001041,Castle,not_started
137611787,Y Cyswllt,residential,W05001063,Pontlliw_Tircoed,not_started
13763475,Caer Street,tertiary,W05001041,Castle,not_started
13763689,Princess Way,tertiary,W05001041,Castle,not_started
1377619067,Llannant Road,unclassified,W05001047,Gorseinon_Penyrheol,not_started
137929573,Baldwin's Crescent,unclassified,W05001068,Waterfront,not_started
1383287181,Nantyffin Road South,unclassified,W05001040,Bon-y-maen,not_started
13840199,Llys Le Breos,residential,W05001056,Mumbles,not_started
13847193,Southerndown Avenue,residential,W05001056,Mumbles,not_started
13847228,Birkdale Close,residential,W05001056,Mumbles,not_started
13850989,Dunvant Place,unclassified,W05001068,Waterfront,not_started
13851048,Dunvant Place,unclassified,W05001041,Castle,not_started
13851148,Bathurst Street,residential,W05001068,Waterfront,not_started
13851237,Trawler Road,residential,W05001068,Waterfront,not_started
13860628,Wern Terrace,tertiary,W05001065,StThomas,not_started
13860680,Bath Lane,unclassified,W05001068,Waterfront,not_started
13860685,Ferry Side,unclassified,W05001068,Waterfront,not_started
139239933,Swansea Road,primary,W05001060,Penllergaer,not_started
139240133,Pontarddulais Road,primary,W05001053,Llwchwr,not_started
139240813,New Orchard Street,primary,W05001041,Castle,not_started
139240814,Dyfatty Street,primary,W05001041,Castle,not_started
14027793,Walters Crescent,residential,W05001056,Mumbles,not_started
14029381,Paxton Drive,residential,W05001068,Waterfront,not_started
14029429,Victoria Quay,residential,W05001068,Waterfront,not_started
1409615404,Coed Celyn Road,residential,W05001064,Sketty,not_started
1414157192,Nantyffin Road,primary,W05001052,Llansamlet,not_started
1414312017,Frederick Place,residential,W05001052,Llansamlet,not_started
1417579946,Amy Dillwyn Close,residential,W05001056,Mumbles,not_started
1420821152,Oaktree Close,residential,W05001056,Mumbles,not_started
1420821156,Buttercup Court,residential,W05001056,Mumbles,not_started
1422502655,Waun Road,unclassified,W05001053,Llwchwr,not_started
14294903,Ashleigh Road,residential,W05001064,Sketty,not_started
14294958,Ashleigh Close,residential,W05001064,Sketty,not_started
14295058,Mayals Green,unclassified,W05001056,Mumbles,not_started
14295091,Westward Close,unclassified,W05001056,Mumbles,not_started
14295186,Whitestone Close,residential,W05001056,Mumbles,not_started
14295320,Green Close,residential,W05001056,Mumbles,not_started
14296864,Grange Road,residential,W05001056,Mumbles,not_started
14296954,Grange Crescent,residential,W05001056,Mumbles,not_started
14296983,Brookvale Road,residential,W05001056,Mumbles,not_started
14297041,Cartersford Place,residential,W05001056,Mumbles,not_started
14297179,Sycamore Road,residential,W05001056,Mumbles,not_started
14297804,Baywood Avenue,residential,W05001056,Mumbles,not_started
14297828,Heathwood Road,residential,W05001056,Mumbles,not_started
14298297,Woodville Road,residential,W05001056,Mumbles,not_started
14298372,King's Road,residential,W05001056,Mumbles,not_started
14298466,Chapel Street,residential,W05001056,Mumbles,not_started
14298480,Church Park Lane,unclassified,W05001056,Mumbles,not_started
14298493,Upper Church Park,residential,W05001056,Mumbles,not_started
14298689,Bethany Lane,residential,W05001056,Mumbles,not_started
14298723,Palmyra Court,residential,W05001056,Mumbles,not_started
14299298,Overland Close,residential,W05001056,Mumbles,not_started
14358844,William Street,residential,W05001056,Mumbles,not_started
14358855,John Street,residential,W05001056,Mumbles,not_started
14358913,Westbourne Place,residential,W05001056,Mumbles,not_started
14358948,Church Park,residential,W05001056,Mumbles,not_started
14359122,Myrtle Terrace,residential,W05001056,Mumbles,not_started
14359138,Park Avenue,residential,W05001056,Mumbles,not_started
14359264,Tichbourne Street,residential,W05001056,Mumbles,not_started
14359296,Western Close,residential,W05001056,Mumbles,not_started
14359309,Heatherslade Close,residential,W05001056,Mumbles,not_started
14359380,Beaufort Avenue,residential,W05001056,Mumbles,not_started
14359544,Brynfield Road,residential,W05001056,Mumbles,not_started
14359560,Langland Court Road,residential,W05001056,Mumbles,not_started
14359575,Whiteshell Drive,residential,W05001056,Mumbles,not_started
14359631,Mary Twill Lane,residential,W05001056,Mumbles,not_started
14359993,Duke Street,residential,W05001067,Uplands,not_started
14359993,Duke Street,residential,W05001041,Castle,not_started
14359996,Russell Street,residential,W05001041,Castle,not_started
14360058,Henrietta Street,residential,W05001041,Castle,not_started
14360058,Henrietta Street,residential,W05001067,Uplands,not_started
14360093,George Street,residential,W05001041,Castle,not_started
14360316,Pleasant Street,residential,W05001041,Castle,not_started
14360505,Wyndham Street,residential,W05001041,Castle,not_started
1436416397,Kittle Hill Lane,tertiary,W05001061,Pennard,not_started
1460864516,Francis Street,residential,W05001067,Uplands,not_started
14609703,Overland Court,residential,W05001056,Mumbles,not_started
1467844625,Hanover Street,residential,W05001041,Castle,not_started
1467844625,Hanover Street,residential,W05001067,Uplands,not_started
1483708227,Elphin Road,residential,W05001066,Townhill,not_started
14887966,Bryn Newydd Gardens,residential,W05001064,Sketty,not_started
14888181,Rhyd yr Helyg,residential,W05001064,Sketty,not_started
14888250,The Ridge,residential,W05001064,Sketty,not_started
14888284,King George Court,residential,W05001064,Sketty,not_started
14888323,Ridge Acre,residential,W05001064,Sketty,not_started
14888357,Meadow Rise,residential,W05001064,Sketty,not_started
14888620,Glynderwen Crescent,residential,W05001064,Sketty,not_started
14888636,Emmanuel Gardens,residential,W05001064,Sketty,not_started
14888662,Glynderwen Close,residential,W05001064,Sketty,not_started
14888870,Cherry Grove,residential,W05001064,Sketty,not_started
14888931,Mill Gardens,unclassified,W05001056,Mumbles,not_started
1489202228,Weavers' Place,residential,W05001068,Waterfront,not_started
1489447250,Hospital Road,tertiary,W05001053,Llwchwr,not_started
1492739580,Sylvan Way,residential,W05001064,Sketty,not_started
1493448563,Clos Tir-Helyg,residential,W05001060,Penllergaer,not_started
15091114,Saunders Way,residential,W05001064,Sketty,not_started
15091131,Valley View,residential,W05001064,Sketty,not_started
15091162,Hendy Close,residential,W05001064,Sketty,not_started
15091185,St. Andrew's Close,residential,W05001056,Mumbles,not_started
15219108,Spring Terrace,residential,W05001041,Castle,not_started
15219111,Gethin Street,unclassified,W05001041,Castle,not_started
15219120,Madoc Street,residential,W05001041,Castle,not_started
15219201,Ilston Way,residential,W05001056,Mumbles,not_started
15219230,Lilliput Lane,residential,W05001056,Mumbles,not_started
15219269,Ambleside Place,residential,W05001056,Mumbles,not_started
15219272,Sweet Briar Lane,residential,W05001056,Mumbles,not_started
15219274,Kenilworth Place,residential,W05001056,Mumbles,not_started
15219301,The Glade,unclassified,W05001056,Mumbles,not_started
15219316,Long Acre Gardens,unclassified,W05001056,Mumbles,not_started
15219584,Acacia Road,residential,W05001056,Mumbles,not_started
15238951,Bryn-y-mor Road,tertiary,W05001041,Castle,not_started
15238951,Bryn-y-mor Road,tertiary,W05001067,Uplands,not_started
15243818,Bay View Crescent,residential,W05001067,Uplands,not_started
15243952,Oxford Street,residential,W05001067,Uplands,not_started
15243960,Richardson Street,residential,W05001041,Castle,not_started
152899517,Cedar Court,residential,W05001052,Llansamlet,not_started
153045851,Heol y Celyn,residential,W05001052,Llansamlet,not_started
15399346,Osbourne Terrace,residential,W05001067,Uplands,not_started
15401816,Stanley Street,residential,W05001056,Mumbles,not_started
15401881,Victoria Avenue,residential,W05001056,Mumbles,not_started
15402761,Cornwall Place,residential,W05001056,Mumbles,not_started
15403392,Village Lane,residential,W05001056,Mumbles,not_started
15403819,Cambridge Road,residential,W05001056,Mumbles,not_started
15403953,Worcester Road,residential,W05001056,Mumbles,not_started
15403990,Hill Crest,residential,W05001056,Mumbles,not_started
15404047,Worcester Drive,residential,W05001056,Mumbles,not_started
15404067,Lambswell Close,residential,W05001056,Mumbles,not_started
15404084,Brandy Cove Close,residential,W05001056,Mumbles,not_started
15513221,Cambridge Close,residential,W05001056,Mumbles,not_started
15513448,Amberley Drive,residential,W05001056,Mumbles,not_started
15513469,Wychwood Close,residential,W05001056,Mumbles,not_started
15513527,Cambridge Gardens,unclassified,W05001056,Mumbles,not_started
15513626,Devon Place,residential,W05001056,Mumbles,not_started
15513981,Woodburn Drive,residential,W05001056,Mumbles,not_started
15514901,Heol Yr Eryr,residential,W05001055,Morriston,not_started
15516091,Bryn Terrace,residential,W05001056,Mumbles,not_started
15522127,Bellevue Road,residential,W05001056,Mumbles,not_started
15522373,Dolgoy Close,residential,W05001056,Mumbles,not_started
15522618,The Paddock,residential,W05001056,Mumbles,not_started
15522647,Huntington Close,residential,W05001056,Mumbles,not_started
15522742,Gulliver's Close,residential,W05001056,Mumbles,not_started
15522940,Huntingdon Close,residential,W05001056,Mumbles,not_started
15588984,Eaton Crescent,residential,W05001067,Uplands,not_started
15589073,Bonville Terrace,residential,W05001067,Uplands,not_started
15597665,Llythrid Avenue,residential,W05001067,Uplands,not_started
15598388,Windsor Street,residential,W05001067,Uplands,not_started
156498527,Woodlands,residential,W05001049,Gowerton,not_started
156678099,West Street,secondary,W05001047,Gorseinon_Penyrheol,not_started
156678102,Park Road,residential,W05001047,Gorseinon_Penyrheol,not_started
157175206,Graig Road,residential,W05001055,Morriston,not_started
157265658,Heron Way,unclassified,W05001052,Llansamlet,not_started
157272179,Clarion Close,unclassified,W05001052,Llansamlet,not_started
157272240,Fendrod Way,tertiary,W05001052,Llansamlet,not_started
15804667,Eastland Close,residential,W05001056,Mumbles,not_started
15804672,Larkspur Drive,residential,W05001056,Mumbles,not_started
15804676,Service Road,residential,W05001056,Mumbles,not_started
15804681,Bettsland,residential,W05001056,Mumbles,not_started
15804682,Lilac Close,residential,W05001056,Mumbles,not_started
15805376,Kings Lane,pedestrian,W05001041,Castle,not_started
15805389,Temple Street,pedestrian,W05001041,Castle,not_started
15805405,Whitewalls,pedestrian,W05001041,Castle,not_started
15807214,Craddock Street,residential,W05001041,Castle,not_started
15807223,Plymouth Street,unclassified,W05001041,Castle,not_started
15807226,Upper Union Street,pedestrian,W05001041,Castle,not_started
15807231,Nelson Street,unclassified,W05001041,Castle,not_started
158732035,Mount Pleasant,tertiary,W05001041,Castle,not_started
15899808,Wollacott Mews,residential,W05001056,Mumbles,not_started
15899895,Briarwood Gardens,residential,W05001056,Mumbles,not_started
15900916,Walnut Close,residential,W05001056,Mumbles,not_started
15904838,Caswell Street,residential,W05001067,Uplands,not_started
15905200,The Cloisters,unclassified,W05001067,Uplands,not_started
159197953,Phoebe Road,residential,W05001040,Bon-y-maen,not_started
159197960,Tonnant Road,residential,W05001040,Bon-y-maen,not_started
159197977,Temeraire Court,residential,W05001040,Bon-y-maen,not_started
159215086,Bridge Road,unclassified,W05001069,Waunarlwydd,not_started
159215089,Mill Street,secondary,W05001049,Gowerton,not_started
159215092,Roseland Road,residential,W05001069,Waunarlwydd,not_started
159215106,Victoria Road,secondary,W05001049,Gowerton,not_started
159215112,Ystrad Road,tertiary,W05001069,Waunarlwydd,not_started
160119611,Clase Road,primary,W05001052,Llansamlet,not_started
160119663,Y Deri,residential,W05001064,Sketty,not_started
160119664,Lloyd Thomas Court,residential,W05001043,Cockett,not_started
160839153,Heol y Ddraig,unclassified,W05001051,Llangyfelach,not_started
16085955,Easterfield Drive,residential,W05001061,Pennard,not_started
16086030,Anderson Lane,residential,W05001061,Pennard,not_started
16086069,Meadow Croft,residential,W05001061,Pennard,not_started
16086129,Bendrick Drive,residential,W05001061,Pennard,not_started
16086197,The Drive,residential,W05001061,Pennard,not_started
162480878,Brynymor Road,tertiary,W05001049,Gowerton,not_started
162618988,Clos Morgan Owen,residential,W05001049,Gowerton,not_started
16277951,Westland Avenue,residential,W05001056,Mumbles,not_started
16277979,Eastmoor Park Crescent,residential,W05001056,Mumbles,not_started
16278031,Hawkstone Close,residential,W05001056,Mumbles,not_started
16278034,Huntsman's Cove,residential,W05001056,Mumbles,not_started
16278072,Rushwind Mews,residential,W05001056,Mumbles,not_started
16278097,Ravens Walk,residential,W05001056,Mumbles,not_started
16278114,Druslyn Road,residential,W05001056,Mumbles,not_started
16281939,Silver Close,residential,W05001056,Mumbles,not_started
16281955,Golden Close,residential,W05001056,Mumbles,not_started
16282081,Lundy Drive,residential,W05001056,Mumbles,not_started
16288389,Sunnybank Close,residential,W05001056,Mumbles,not_started
16288553,Ffordd Draenen Ddu,residential,W05001056,Mumbles,not_started
16288687,Heol y Garreg Wen,residential,W05001056,Mumbles,not_started
16288918,Highmead Close,residential,W05001056,Mumbles,not_started
16288925,Crestacre Close,residential,W05001056,Mumbles,not_started
16288934,Moorland Avenue,residential,W05001056,Mumbles,not_started
16355922,Northway,secondary,W05001039,Bishopston,not_started
16356001,Pennard Road,secondary,W05001039,Bishopston,not_started
16356030,Vennaway Lane,secondary,W05001061,Pennard,not_started
16356077,Southgate Road,tertiary,W05001061,Pennard,not_started
164853881,Culfor Road,tertiary,W05001053,Llwchwr,not_started
164854195,Cae Castell,residential,W05001053,Llwchwr,not_started
165777638,Woodlands Avenue,residential,W05001042,Clydach,not_started
165830328,Gorwydd Road,secondary,W05001049,Gowerton,not_started
169043175,Haulwen Road,residential,W05001043,Cockett,not_started
169043176,Pen Y Cwm,residential,W05001043,Cockett,not_started
169502394,South Gower Road,primary,W05001061,Pennard,not_started
170091749,Quarry Road,residential,W05001057,Mynydd-bach,not_started
170091749,Quarry Road,residential,W05001050,Landore,not_started
170091751,Trewyddfa Road,residential,W05001050,Landore,not_started
170091751,Trewyddfa Road,residential,W05001057,Mynydd-bach,not_started
170629276,Graig Road,residential,W05001057,Mynydd-bach,not_started
17342746,Miers Street,residential,W05001065,StThomas,not_started
17342783,Mackworth Terrace,residential,W05001065,StThomas,not_started
17342876,Benthall Place,residential,W05001065,StThomas,not_started
17343128,Vicarage Terrace,residential,W05001065,StThomas,not_started
17343352,Maesteg Street,residential,W05001065,StThomas,not_started
17343481,Beaumont Crescent,residential,W05001065,StThomas,not_started
17343637,St. Elmo Avenue,residential,W05001065,StThomas,not_started
17343709,Granville Road,residential,W05001065,StThomas,not_started
17343940,Kinley Street,residential,W05001065,StThomas,not_started
17353723,Portland Street,pedestrian,W05001041,Castle,not_started
17353784,Park Street,unclassified,W05001041,Castle,not_started
17364035,Bellevue Way,secondary,W05001041,Castle,not_started
17364945,Edgeware Road,residential,W05001067,Uplands,not_started
17365356,Hazel Road,residential,W05001067,Uplands,not_started
17365486,Masefield Way,residential,W05001067,Uplands,not_started
17365486,Masefield Way,residential,W05001064,Sketty,not_started
17365773,Parklands View,residential,W05001064,Sketty,not_started
17365908,Gabalfa Road,residential,W05001064,Sketty,not_started
17366015,The Link,residential,W05001064,Sketty,not_started
176169876,Hill View Crescent,residential,W05001057,Mynydd-bach,not_started
176169882,Llangyfelach Road,secondary,W05001057,Mynydd-bach,not_started
176169884,Pinewood Close,residential,W05001057,Mynydd-bach,not_started
176172865,Beacons View Road,residential,W05001057,Mynydd-bach,not_started
176488080,Caemawr Road,tertiary,W05001057,Mynydd-bach,not_started
185079857,Beaufort Road,unclassified,W05001050,Landore,not_started
185171127,Cwm Arian,residential,W05001055,Morriston,not_started
185171128,Heol Gwernen,residential,W05001055,Morriston,not_started
185171133,Neath Road,secondary,W05001055,Morriston,not_started
189643612,Sandy Lane,residential,W05001061,Pennard,not_started
19259439,Sunnybank Court,residential,W05001056,Mumbles,not_started
193497887,Ddol Road,residential,W05001045,Dunvant_Killay,not_started
194817304,Clasemont Road,primary,W05001051,Llangyfelach,not_started
194817316,Rhydypandy Road,unclassified,W05001055,Morriston,not_started
19532368,Clarence Terrace,residential,W05001041,Castle,not_started
19781211,Castle Acre,residential,W05001056,Mumbles,not_started
19781216,Druids Close,residential,W05001056,Mumbles,not_started
19781247,Gower Place,residential,W05001056,Mumbles,not_started
19785524,Pencoed,residential,W05001045,Dunvant_Killay,not_started
19785611,Broadmead,tertiary,W05001045,Dunvant_Killay,not_started
19869689,Paxton Street,residential,W05001041,Castle,not_started
19869695,Recorder Street,residential,W05001041,Castle,not_started
19869702,Bathurst Street,residential,W05001041,Castle,not_started
20136240,Kittle Green,unclassified,W05001061,Pennard,not_started
20139151,Cae Mansel Road,unclassified,W05001049,Gowerton,not_started
20340937,Upton Terrace,residential,W05001065,StThomas,not_started
20341272,Osterley Street,residential,W05001065,StThomas,not_started
20444212,Linkside Drive,residential,W05001061,Pennard,not_started
20444335,Pennard Drive,residential,W05001061,Pennard,not_started
20444434,Three Cliffs Drive,residential,W05001061,Pennard,not_started
20444605,Norton Lane,bridleway,W05001061,Pennard,not_started
20662794,Middleton Street,residential,W05001065,StThomas,not_started
20886419,Rhodfa'r Wennol,residential,W05001055,Morriston,not_started
20886430,Heol Y Drudwen,residential,W05001055,Morriston,not_started
20886444,Llwyn Yr Hebog,residential,W05001055,Morriston,not_started
20886450,Llwyn Y Golomen,residential,W05001055,Morriston,not_started
20886457,Llwyn Y Gog,residential,W05001055,Morriston,not_started
20886465,Heol Penfelyn,residential,W05001055,Morriston,not_started
20886477,Heol Yr Wylan,residential,W05001055,Morriston,not_started
20886480,Llwyn Y Bioden,residential,W05001055,Morriston,not_started
20886493,Llwyn Carw,residential,W05001055,Morriston,not_started
20886499,Lon Draenog,residential,W05001055,Morriston,not_started
20886507,Llwyn Afanc,residential,W05001055,Morriston,not_started
20886516,Clos Cadno,residential,W05001055,Morriston,not_started
20886520,Cwrt Hydd,residential,W05001055,Morriston,not_started
20886527,Heol Cadnawes,residential,W05001055,Morriston,not_started
20886533,Cwrt Llwynog,residential,W05001055,Morriston,not_started
20886554,Clos Ebol,residential,W05001055,Morriston,not_started
20886563,Lon Penfro,residential,W05001055,Morriston,not_started
20886589,Clos Rhymni,residential,W05001055,Morriston,not_started
20886602,Clos Crucywel,residential,W05001055,Morriston,not_started
20886608,Cwrt Yr Aeron,residential,W05001055,Morriston,not_started
20886615,Clos Y Bont Faen,residential,W05001055,Morriston,not_started
20886664,Llwyn Yr Iar,residential,W05001055,Morriston,not_started
20887265,Harbour View Road,residential,W05001065,StThomas,not_started
20887282,Lee Street,residential,W05001065,StThomas,not_started
20887284,Margaret Street,residential,W05001065,StThomas,not_started
20894397,Le Breos Avenue,residential,W05001067,Uplands,not_started
21000944,Norton Drive,residential,W05001061,Pennard,not_started
21130691,Quarr Drive,tertiary,W05001042,Clydach,not_started
21137912,Sybil Street,residential,W05001042,Clydach,not_started
21137913,Heol-y-nant,residential,W05001042,Clydach,not_started
21137914,Twyn-y-bedw,residential,W05001042,Clydach,not_started
21137916,Factory Road,residential,W05001042,Clydach,not_started
21137918,Park Road,tertiary,W05001055,Morriston,not_started
21137919,Plas Cadwgan Road,residential,W05001055,Morriston,not_started
21137921,Wheatsheaf Drive,residential,W05001055,Morriston,not_started
21140985,Maes-y-Gwernen Drive,residential,W05001055,Morriston,not_started
21312062,Limeslade Drive,residential,W05001056,Mumbles,not_started
21312259,Sealands Drive,residential,W05001056,Mumbles,not_started
21312378,Bridle Mews,residential,W05001056,Mumbles,not_started
21320414,Westcliff,residential,W05001056,Mumbles,not_started
21320478,Sarlou Close,residential,W05001056,Mumbles,not_started
21320771,William Gammon Drive,residential,W05001056,Mumbles,not_started
21320954,Old Plunch Lane,unclassified,W05001056,Mumbles,not_started
21321293,Libby Way,residential,W05001056,Mumbles,not_started
21321363,Three Ships Court,residential,W05001056,Mumbles,not_started
21321563,Nicholl Court,residential,W05001056,Mumbles,not_started
21321778,Cleveland Avenue,residential,W05001056,Mumbles,not_started
21339452,George Bank,residential,W05001056,Mumbles,not_started
21339467,Clifton Terrace,residential,W05001056,Mumbles,not_started
21553911,Orchard Street,tertiary,W05001041,Castle,not_started
21555270,Park Road,residential,W05001061,Pennard,not_started
21555307,Burrows Close,residential,W05001061,Pennard,not_started
21555344,Browns Drive,residential,W05001061,Pennard,not_started
216537136,Clyne Court,residential,W05001064,Sketty,not_started
220167624,Pottery Street,residential,W05001050,Landore,not_started
220167627,Haynes Court,residential,W05001050,Landore,not_started
222696931,Caecerrig Road,unclassified,W05001062,Pontarddulais,not_started
222696932,Ty'n-y-Bonau Road,primary,W05001062,Pontarddulais,not_started
222696934,St Michael's Avenue,residential,W05001062,Pontarddulais,not_started
22338267,Gelli Street,residential,W05001065,StThomas,not_started
22338288,Grafog Street,residential,W05001065,StThomas,not_started
22338294,Jersey Terrace,residential,W05001065,StThomas,not_started
223440601,Parc Penderi,residential,W05001060,Penllergaer,not_started
223440602,Holly Oak Road,residential,W05001060,Penllergaer,not_started
223440604,Heol Iorwg,residential,W05001060,Penllergaer,not_started
223440605,Ffordd Y Meillion,residential,W05001060,Penllergaer,not_started
223440607,Cherry Crescent,residential,W05001060,Penllergaer,not_started
223440608,Elm Tree Road,residential,W05001060,Penllergaer,not_started
22416288,Heol Glannant,residential,W05001055,Morriston,not_started
22416296,Butterslade Grove,residential,W05001055,Morriston,not_started
22416303,Heol Pennant,residential,W05001055,Morriston,not_started
22416325,Garth View,residential,W05001055,Morriston,not_started
22416347,Ian's Walk,residential,W05001055,Morriston,not_started
22416355,Elizabeth Close,residential,W05001055,Morriston,not_started
22416371,Denbigh Crescent,residential,W05001055,Morriston,not_started
22416386,Radnor Drive,residential,W05001055,Morriston,not_started
22416409,Heol Treffynnon,residential,W05001055,Morriston,not_started
22416441,Monmouth Place,residential,W05001055,Morriston,not_started
22416446,Senny Place,residential,W05001055,Morriston,not_started
22416461,Cwrt Merlyn,residential,W05001055,Morriston,not_started
22416476,Christopher Road,residential,W05001055,Morriston,not_started
22416482,Harebell Close,residential,W05001055,Morriston,not_started
22416505,Usk Place,residential,W05001055,Morriston,not_started
22416518,Plas Gwernfadog Drive,residential,W05001055,Morriston,not_started
22530236,Heol Caerllion,residential,W05001055,Morriston,not_started
225561227,Golwg y Llanw,residential,W05001062,Pontarddulais,not_started
22564929,Rhyddings Park Road,residential,W05001067,Uplands,not_started
22598862,Dan Y Graig Road,residential,W05001065,StThomas,not_started
22598863,Pentre-dwr Road,unclassified,W05001040,Bon-y-maen,not_started
22649994,Reginald Street,residential,W05001065,StThomas,not_started
22650036,Gwydr Square,residential,W05001067,Uplands,not_started
22650072,Penlan Crescent,residential,W05001067,Uplands,not_started
22650073,Cwmdonkin Drive,residential,W05001067,Uplands,not_started
22650080,Hillside Crescent,residential,W05001067,Uplands,not_started
22650084,Coults Hill,residential,W05001067,Uplands,not_started
22650087,Ffynone Road,residential,W05001067,Uplands,not_started
22650093,St. James's Gardens,residential,W05001067,Uplands,not_started
22650112,Richmond Road,residential,W05001067,Uplands,not_started
22650121,Cwmdonkin Terrace,residential,W05001067,Uplands,not_started
22650146,Humphrey Street,residential,W05001067,Uplands,not_started
22650788,Calvert Terrace,residential,W05001041,Castle,not_started
22650815,Oaklands Terrace,residential,W05001041,Castle,not_started
22650815,Oaklands Terrace,residential,W05001067,Uplands,not_started
22650816,Woodlands Terrace,residential,W05001067,Uplands,not_started
22650820,Carlton Terrace,residential,W05001041,Castle,not_started
22652380,Penmaen Terrace,residential,W05001041,Castle,not_started
22652380,Penmaen Terrace,residential,W05001067,Uplands,not_started
22652386,Brooklands Terrace,residential,W05001067,Uplands,not_started
22652390,Rosehill Terrace,residential,W05001067,Uplands,not_started
22652390,Rosehill Terrace,residential,W05001041,Castle,not_started
22652394,Montpelier Terrace,residential,W05001041,Castle,not_started
22652394,Montpelier Terrace,residential,W05001067,Uplands,not_started
22652398,Burman Street,residential,W05001067,Uplands,not_started
22652400,Crole Street,residential,W05001067,Uplands,not_started
22652401,White Street,residential,W05001067,Uplands,not_started
22661553,Park Drive,residential,W05001067,Uplands,not_started
22661554,Eden Avenue,residential,W05001067,Uplands,not_started
22661555,Westfa Road,residential,W05001067,Uplands,not_started
22663182,Goetre Fach Road,tertiary,W05001045,Dunvant_Killay,not_started
22663183,Longford Crescent,residential,W05001065,StThomas,not_started
22663189,Dawlish Close,residential,W05001056,Mumbles,not_started
22663193,Castle Street,residential,W05001056,Mumbles,not_started
22674878,Clydach Road,secondary,W05001042,Clydach,not_started
22677120,Glanmor Park Road,residential,W05001067,Uplands,not_started
22677121,Maple Crescent,residential,W05001067,Uplands,not_started
22677122,Myrtle Grove,residential,W05001067,Uplands,not_started
22677529,Pell Street,residential,W05001041,Castle,not_started
22677530,Horton Street,residential,W05001041,Castle,not_started
22689749,Channel View,residential,W05001064,Sketty,not_started
22689750,Sketty Park Close,residential,W05001064,Sketty,not_started
22689751,Llewelyn Street,residential,W05001064,Sketty,not_started
22689752,Lewis Street,residential,W05001064,Sketty,not_started
22689753,Park View Terrace,residential,W05001064,Sketty,not_started
22690383,Belgrave Lane,residential,W05001067,Uplands,not_started
22724492,Dan Danino Way,residential,W05001055,Morriston,not_started
22724493,Gordon Rowley Way,residential,W05001055,Morriston,not_started
22724495,Cyril Evans Way,residential,W05001055,Morriston,not_started
22724499,Jessop Court,residential,W05001055,Morriston,not_started
22724524,Vicarage Road,tertiary,W05001055,Morriston,not_started
22725230,Chemical Road,tertiary,W05001055,Morriston,not_started
22730163,Langland Villas,residential,W05001056,Mumbles,not_started
22730166,Castle Crescent,residential,W05001056,Mumbles,not_started
22730178,Llwyn y Mor,residential,W05001056,Mumbles,not_started
22731867,Beaconsfield Way,residential,W05001064,Sketty,not_started
22731868,Beaconsfield Court,residential,W05001064,Sketty,not_started
22731871,Glan yr Afon Road,residential,W05001064,Sketty,not_started
22731873,Admirals Walk,residential,W05001064,Sketty,not_started
22731876,Cory Street,residential,W05001064,Sketty,not_started
22732251,Clifflands Close,unclassified,W05001056,Mumbles,not_started
22751207,St. Illtyd's Crescent,residential,W05001065,StThomas,not_started
22751907,Furze Bank,residential,W05001041,Castle,not_started
22751913,Willows Place,residential,W05001041,Castle,not_started
22751937,Verandah Street,pedestrian,W05001041,Castle,not_started
22751944,Page Street,pedestrian,W05001041,Castle,not_started
22752242,Gwydr Crescent,residential,W05001067,Uplands,not_started
22752261,Brunswick Street,tertiary,W05001041,Castle,not_started
22752261,Brunswick Street,tertiary,W05001067,Uplands,not_started
22752375,Ysgol Street,tertiary,W05001065,StThomas,not_started
22752378,Tymawr Street,residential,W05001065,StThomas,not_started
22752388,William Morris Gardens,residential,W05001065,StThomas,not_started
22752391,Crymlyn Street,residential,W05001065,StThomas,not_started
22752392,Pant Street,residential,W05001065,StThomas,not_started
22761636,Wallace Road,residential,W05001065,StThomas,not_started
22761638,Dupre Road,residential,W05001065,StThomas,not_started
22761649,Hoo Street,residential,W05001065,StThomas,not_started
22776218,Ynys-Penllwch Road,secondary,W05001042,Clydach,not_started
22776220,Ffordd Tregof,unclassified,W05001052,Llansamlet,not_started
22779008,Upper Fforest Way,unclassified,W05001052,Llansamlet,not_started
22779012,Riverside Roundabout,secondary,W05001052,Llansamlet,not_started
22817144,Waun Road,residential,W05001055,Morriston,not_started
22874436,Linkside,residential,W05001056,Mumbles,not_started
22874437,Westwinds,residential,W05001056,Mumbles,not_started
22874452,Groves Avenue,residential,W05001056,Mumbles,not_started
22874454,Lansdown,residential,W05001056,Mumbles,not_started
22874563,Bryncerdin Road,residential,W05001056,Mumbles,not_started
22874571,Appledore Place,residential,W05001056,Mumbles,not_started
22874572,Hatherleigh Drive,residential,W05001056,Mumbles,not_started
22883372,Lôn Cynfor,residential,W05001067,Uplands,not_started
22883388,Notts Gardens,residential,W05001067,Uplands,not_started
22883401,Norfolk Street,residential,W05001041,Castle,not_started
22883463,Stanley Place,residential,W05001041,Castle,not_started
22883470,Stanley Terrace,residential,W05001041,Castle,not_started
22883485,Rose Hill,residential,W05001067,Uplands,not_started
22883684,Maes Street,residential,W05001065,StThomas,not_started
22883704,Lewis Street,residential,W05001065,StThomas,not_started
22883730,Sebastopol Street,residential,W05001065,StThomas,not_started
22883757,Inkerman Street,residential,W05001065,StThomas,not_started
22883770,Balaclava Street,residential,W05001065,StThomas,not_started
22884183,Morris Lane,residential,W05001065,StThomas,not_started
22885226,Tir John North Road,unclassified,W05001065,StThomas,not_started
22885375,Rhianfa Lane,residential,W05001067,Uplands,not_started
22885401,Rhondda Street,residential,W05001041,Castle,not_started
22885405,Cromwell Street,residential,W05001067,Uplands,not_started
22885405,Cromwell Street,residential,W05001041,Castle,not_started
22885426,Harcourt Street,residential,W05001041,Castle,not_started
22885440,Primrose Street,residential,W05001041,Castle,not_started
22905793,Tavistock Road,residential,W05001064,Sketty,not_started
22905793,Tavistock Road,residential,W05001067,Uplands,not_started
22905826,Queens Road,residential,W05001064,Sketty,not_started
22905848,Maple Grove,residential,W05001067,Uplands,not_started
22905857,Roger Beck Way,residential,W05001067,Uplands,not_started
22905857,Roger Beck Way,residential,W05001064,Sketty,not_started
22905863,Clarendon Road,residential,W05001064,Sketty,not_started
22905865,Kingston Road,residential,W05001064,Sketty,not_started
22907024,The Causeway,residential,W05001067,Uplands,not_started
22907024,The Causeway,residential,W05001064,Sketty,not_started
229074657,Pont y Lon,tertiary,W05001042,Clydach,not_started
22939875,Thomas Street,residential,W05001065,StThomas,not_started
22943477,Alma Road,unclassified,W05001056,Mumbles,not_started
22943523,Gainsborough Close,residential,W05001064,Sketty,not_started
22945334,Carnglas Road,tertiary,W05001064,Sketty,not_started
22945377,Penyrheol Drive,tertiary,W05001064,Sketty,not_started
22962990,Powys Avenue,tertiary,W05001066,Townhill,not_started
22962991,Dyfed Avenue,residential,W05001066,Townhill,not_started
22962994,Merlin Crescent,residential,W05001066,Townhill,not_started
22963000,Constitution Hill,residential,W05001067,Uplands,not_started
22963000,Constitution Hill,residential,W05001041,Castle,not_started
22963191,Rhyd Y Defaid Drive,residential,W05001064,Sketty,not_started
22964000,Hewson Street,residential,W05001041,Castle,not_started
22964007,Ceiriog Road,residential,W05001066,Townhill,not_started
22964025,Dyfed Close,residential,W05001066,Townhill,not_started
22974101,William Street,residential,W05001041,Castle,not_started
22974103,William Court,residential,W05001041,Castle,not_started
22974106,Clarence Street,residential,W05001041,Castle,not_started
22987393,The Grove,residential,W05001056,Mumbles,not_started
23011281,Hendrefoilan Avenue,residential,W05001064,Sketty,not_started
23016256,Beech Tree Lane,unclassified,W05001064,Sketty,not_started
23016258,Brangwyn Court,residential,W05001064,Sketty,not_started
23035065,Ormsby Terrace,residential,W05001065,StThomas,not_started
23035068,Bay Street,residential,W05001065,StThomas,not_started
23035872,De La Beche Street,primary,W05001041,Castle,not_started
23036170,Oak Ridge,residential,W05001064,Sketty,not_started
23036223,Ebenezer Street,unclassified,W05001041,Castle,not_started
23036336,Birchgrove Road,secondary,W05001042,Clydach,not_started
23036340,Peniel Green Road,primary,W05001052,Llansamlet,not_started
23036373,Heol Saffrwm,residential,W05001055,Morriston,not_started
23036374,Heol Rhosyn,residential,W05001055,Morriston,not_started
23036495,Bronllan,residential,W05001040,Bon-y-maen,not_started
23036496,Wyngarth,residential,W05001040,Bon-y-maen,not_started
23036497,Blaen Cefn,residential,W05001040,Bon-y-maen,not_started
23036498,Cefn Hengoed Road,residential,W05001040,Bon-y-maen,not_started
23042035,Gwynne Terrace,residential,W05001065,StThomas,not_started
23044758,Dunraven Road,residential,W05001064,Sketty,not_started
23044759,Carnglas Avenue,residential,W05001064,Sketty,not_started
23044797,Ivey Place,unclassified,W05001041,Castle,not_started
23105088,Richmond Mews,residential,W05001067,Uplands,not_started
23107884,Vaughan Thomas Lane,residential,W05001067,Uplands,not_started
23107884,Vaughan Thomas Lane,residential,W05001041,Castle,not_started
23107918,Primrose Hill,residential,W05001041,Castle,not_started
23108019,Clifton Hill,residential,W05001041,Castle,not_started
23108034,Croft Street,residential,W05001041,Castle,not_started
23108056,Thomas Row,residential,W05001041,Castle,not_started
23116926,Bridge Road,secondary,W05001050,Landore,not_started
23129033,Crymlyn Road,tertiary,W05001040,Bon-y-maen,not_started
23152232,Upper Strand,residential,W05001041,Castle,not_started
23152232,Upper Strand,residential,W05001050,Landore,not_started
23152234,Cwm Road,residential,W05001050,Landore,not_started
23152234,Cwm Road,residential,W05001041,Castle,not_started
23160088,Little Wind Street,unclassified,W05001041,Castle,not_started
23160094,Salubrious Passage,pedestrian,W05001041,Castle,not_started
23160111,Saint Mary Street,pedestrian,W05001041,Castle,not_started
23162070,Wind Street,pedestrian,W05001041,Castle,not_started
23162135,Tontine Street,unclassified,W05001041,Castle,not_started
23162153,Jockey Street,unclassified,W05001041,Castle,not_started
23170098,Bridge Street,secondary,W05001050,Landore,not_started
23170118,Villiers Street,residential,W05001050,Landore,not_started
23170119,Jersey Street,residential,W05001050,Landore,not_started
23180835,Swan Street,residential,W05001041,Castle,not_started
23180847,Greenhill Street,unclassified,W05001041,Castle,not_started
23180848,Chapel Street,residential,W05001041,Castle,not_started
23211177,Valley Way,tertiary,W05001040,Bon-y-maen,not_started
23211177,Valley Way,tertiary,W05001052,Llansamlet,not_started
23211178,Phoenix Way,tertiary,W05001040,Bon-y-maen,not_started
23211179,Atlantic Close,unclassified,W05001040,Bon-y-maen,not_started
23243128,Clifton Row,residential,W05001041,Castle,not_started
23243163,Graig Terrace,residential,W05001041,Castle,not_started
23243808,Dunvant Road,secondary,W05001045,Dunvant_Killay,not_started
23263314,Windmill Terrace,residential,W05001065,StThomas,not_started
23263358,Lydford Avenue,residential,W05001065,StThomas,not_started
23263363,Kilvey Road,residential,W05001065,StThomas,not_started
23263380,Deepglade Close,residential,W05001065,StThomas,not_started
23263465,New Street,residential,W05001041,Castle,not_started
23263493,Jones Terrace,unclassified,W05001041,Castle,not_started
23263712,Glenroy Avenue,residential,W05001065,StThomas,not_started
23263721,Elmhurst Crescent,residential,W05001065,StThomas,not_started
23275965,The Quadrant,residential,W05001067,Uplands,not_started
23337487,Warwick Place,residential,W05001056,Mumbles,not_started
23339036,Whitestone Lane,unclassified,W05001056,Mumbles,not_started
23339043,School Lane,unclassified,W05001056,Mumbles,not_started
23353646,Brynsyfi Terrace,residential,W05001041,Castle,not_started
23353674,Evans Terrace,residential,W05001041,Castle,not_started
23353681,Short Street,residential,W05001041,Castle,not_started
23353684,Pleasant View Terrace,residential,W05001041,Castle,not_started
23353710,Wordsworth Street,residential,W05001041,Castle,not_started
23353736,Watkin Street,residential,W05001041,Castle,not_started
23353741,Milton Terrace,residential,W05001041,Castle,not_started
23353767,Portia Terrace,residential,W05001041,Castle,not_started
23353881,Hill Street,residential,W05001041,Castle,not_started
23353891,Bryn y Don Road,residential,W05001041,Castle,not_started
23369431,Quarry Street,residential,W05001041,Castle,not_started
23369532,Fullers Row,residential,W05001041,Castle,not_started
23369549,Seaview Terrace,residential,W05001041,Castle,not_started
23481316,Clyne Valley Road,residential,W05001045,Dunvant_Killay,not_started
23481317,The Dell,residential,W05001045,Dunvant_Killay,not_started
23481318,Woodside Avenue,residential,W05001045,Dunvant_Killay,not_started
23481330,Stephenson Road,unclassified,W05001045,Dunvant_Killay,not_started
23481367,Clos Glan yr Afon,residential,W05001064,Sketty,not_started
23481376,Westbourne Grove,residential,W05001064,Sketty,not_started
23481379,Westbourne Road,residential,W05001064,Sketty,not_started
23481391,Prospect Place,residential,W05001064,Sketty,not_started
23481393,Eastbourne Grove,residential,W05001064,Sketty,not_started
23481394,Kimberley Road,residential,W05001064,Sketty,not_started
23481401,Cae Banc,residential,W05001064,Sketty,not_started
23481404,Bryngoleu Terrace,unclassified,W05001064,Sketty,not_started
23481414,Kimberley Close,residential,W05001064,Sketty,not_started
23556039,Olchfa Lane,living_street,W05001045,Dunvant_Killay,not_started
23581915,Firm Street,residential,W05001041,Castle,not_started
23581916,Winston Street,residential,W05001041,Castle,not_started
23581920,Campbell Street,residential,W05001041,Castle,not_started
23581924,Berwick Terrace,residential,W05001041,Castle,not_started
23582172,Wilks Row,unclassified,W05001041,Castle,not_started
23583312,Picton Terrace,residential,W05001041,Castle,not_started
23612350,Pontarddulais Road,primary,W05001060,Penllergaer,not_started
23612562,St. John's Road,tertiary,W05001044,Cwmbwrla,not_started
23612610,Upper Gendros Crescent,tertiary,W05001043,Cockett,not_started
23612737,Llangyfelach Road,secondary,W05001041,Castle,not_started
23612737,Llangyfelach Road,secondary,W05001050,Landore,not_started
23622166,Pobbles Close,unclassified,W05001061,Pennard,not_started
23639878,Woodfield Street,secondary,W05001055,Morriston,not_started
23641945,Gwysfa Road,residential,W05001055,Morriston,not_started
23641946,Bryntawe Hall Close,residential,W05001055,Morriston,not_started
23641948,Woodland Park,residential,W05001055,Morriston,not_started
23641955,Bwllfa Road,residential,W05001055,Morriston,not_started
23641957,Spion Kop Road,residential,W05001055,Morriston,not_started
23641982,Ramsden Road,residential,W05001042,Clydach,not_started
23641988,Hebron Road,secondary,W05001042,Clydach,not_started
23694233,The Grove,residential,W05001067,Uplands,not_started
23695328,Lôn Cedwyn,residential,W05001067,Uplands,not_started
23695334,Lôn Cynlais,residential,W05001067,Uplands,not_started
23695340,Lôn Cadog,residential,W05001064,Sketty,not_started
23695341,Lôn Caron,residential,W05001067,Uplands,not_started
23695345,Lôn Gwynfryn,residential,W05001067,Uplands,not_started
23695351,Lôn Illtyd,residential,W05001067,Uplands,not_started
23695358,Lôn Cwmgwyn,residential,W05001067,Uplands,not_started
23695364,Lôn Dan-y-Coed,residential,W05001067,Uplands,not_started
23695662,Tan y Marian Road,residential,W05001066,Townhill,not_started
23695664,Cadwaladr Circle,residential,W05001066,Townhill,not_started
23707613,Lôn Ger-y-Coed,residential,W05001067,Uplands,not_started
23707616,Lôn Coed Bran,residential,W05001067,Uplands,not_started
23707618,Lôn Bryngwyn,residential,W05001067,Uplands,not_started
23707619,Arfryn Road,residential,W05001067,Uplands,not_started
23707632,Taliesyn Road,residential,W05001066,Townhill,not_started
23707653,Islwyn Road,residential,W05001066,Townhill,not_started
23707654,Elfed Road,residential,W05001066,Townhill,not_started
23733671,Wimmerfield Crescent,residential,W05001045,Dunvant_Killay,not_started
23799070,The Park,residential,W05001064,Sketty,not_started
23799071,Hendrefoilan Close,residential,W05001064,Sketty,not_started
23799073,Dysgwylfa,residential,W05001064,Sketty,not_started
23801134,Nicander Place,residential,W05001066,Townhill,not_started
23801134,Nicander Place,residential,W05001041,Castle,not_started
23801178,Eigen Crescent,residential,W05001066,Townhill,not_started
23801181,Teilo Crescent,residential,W05001066,Townhill,not_started
23801182,Berw Road,residential,W05001066,Townhill,not_started
23801207,Harries Street,unclassified,W05001041,Castle,not_started
23812342,Mount Street,tertiary,W05001049,Gowerton,not_started
23815401,Alun Road,residential,W05001066,Townhill,not_started
238540817,Ladysmith Road,residential,W05001057,Mynydd-bach,not_started
23865911,Ffordd Cwm Tawe,primary,W05001042,Clydach,not_started
23887431,Waverley Street,residential,W05001042,Clydach,not_started
23887436,Clos Y Coedwr,residential,W05001042,Clydach,not_started
23887439,Hebron Close,residential,W05001042,Clydach,not_started
23887447,High Street,secondary,W05001042,Clydach,not_started
23887466,Aberclydach Place,residential,W05001042,Clydach,not_started
23887467,Forge Fach,unclassified,W05001042,Clydach,not_started
23887498,Martin Street,residential,W05001042,Clydach,not_started
23887505,Bethania Road,residential,W05001042,Clydach,not_started
23887508,Players Avenue,residential,W05001042,Clydach,not_started
23887530,Woodside Crescent,residential,W05001042,Clydach,not_started
23887552,Ger y Coed,residential,W05001042,Clydach,not_started
23887554,Danygraig,residential,W05001042,Clydach,not_started
23887556,Heol Graig Felen,residential,W05001042,Clydach,not_started
23887572,Heol Valentine,residential,W05001042,Clydach,not_started
23887578,Tyle Teg,residential,W05001042,Clydach,not_started
23887601,Hillrise Park,residential,W05001042,Clydach,not_started
23887604,Ffynnon Wen,residential,W05001042,Clydach,not_started
23888370,Howells Road,residential,W05001045,Dunvant_Killay,not_started
23888372,Woodcote,residential,W05001045,Dunvant_Killay,not_started
23888373,Hendrefoilan Road,residential,W05001045,Dunvant_Killay,not_started
23888374,Byron Way,residential,W05001045,Dunvant_Killay,not_started
23888378,Hendrefoilan Road,residential,W05001064,Sketty,not_started
23888387,Huntingdon Way,residential,W05001064,Sketty,not_started
23888389,Ffordd Aneurin Bevan,residential,W05001064,Sketty,not_started
23925357,Corporation Road,primary,W05001053,Llwchwr,not_started
23943267,Carig Crescent,residential,W05001066,Townhill,not_started
23943318,Granogwen Road,residential,W05001066,Townhill,not_started
23943330,Emlyn Road,residential,W05001066,Townhill,not_started
23943447,High View,residential,W05001066,Townhill,not_started
23943450,Long Ridge,residential,W05001066,Townhill,not_started
23943450,Long Ridge,residential,W05001041,Castle,not_started
23943464,Mayhill Gardens,residential,W05001066,Townhill,not_started
23943466,Branwen Gardens,residential,W05001066,Townhill,not_started
23943551,Cadrawd Road,residential,W05001066,Townhill,not_started
23943769,Waun Wen Road,residential,W05001041,Castle,not_started
23943769,Waun Wen Road,residential,W05001066,Townhill,not_started
23965667,Baptist Well Street,residential,W05001041,Castle,not_started
23965684,Hall Street,residential,W05001041,Castle,not_started
23965732,Symmons Street,residential,W05001041,Castle,not_started
23965734,Wheatfield Terrace,residential,W05001041,Castle,not_started
23965739,Skinner Street,residential,W05001041,Castle,not_started
23965741,Colbourne Terrace,residential,W05001041,Castle,not_started
23965757,Peter Street,residential,W05001041,Castle,not_started
23965956,Rockland Terrace,residential,W05001041,Castle,not_started
24009498,Maes y Gollen,residential,W05001064,Sketty,not_started
240266182,Graig-y-dderi,residential,W05001042,Clydach,not_started
240431460,Coleridge Crescent,residential,W05001045,Dunvant_Killay,not_started
24043182,Pen Isa Coed,residential,W05001065,StThomas,not_started
24043208,Jericho Road,residential,W05001065,StThomas,not_started
24044835,Aberdyberthi Street,residential,W05001050,Landore,not_started
24044836,Morgan Street,residential,W05001050,Landore,not_started
24044838,Gerald Street,residential,W05001050,Landore,not_started
24044840,Bowen Street,residential,W05001050,Landore,not_started
24044870,Graham Street,residential,W05001050,Landore,not_started
24044913,Brynmelyn Street,unclassified,W05001041,Castle,not_started
24044932,Park Terrace,residential,W05001041,Castle,not_started
24044946,Dewi Terrace,unclassified,W05001066,Townhill,not_started
24044947,Pedrog Terrace,residential,W05001066,Townhill,not_started
24044985,Emlyn Gardens,residential,W05001066,Townhill,not_started
24044994,Tegid Road,residential,W05001066,Townhill,not_started
24045995,Vivian Street,residential,W05001050,Landore,not_started
24046053,Hafod Park,residential,W05001050,Landore,not_started
24058372,Glebe Road,secondary,W05001053,Llwchwr,not_started
240941165,Clos Aaron,residential,W05001055,Morriston,not_started
241363830,Llys Mieri,residential,W05001060,Penllergaer,not_started
241496946,Waverly Close,residential,W05001042,Clydach,not_started
241594552,Moorland Green,residential,W05001053,Llwchwr,not_started
241594552,Moorland Green,residential,W05001047,Gorseinon_Penyrheol,not_started
241598401,Maes yr Onnen,residential,W05001055,Morriston,not_started
241598408,Market Street,residential,W05001055,Morriston,not_started
241598410,Parc Avenue,residential,W05001055,Morriston,not_started
241632803,Moorhen Close,unclassified,W05001052,Llansamlet,not_started
241634995,Llys Morfa,residential,W05001062,Pontarddulais,not_started
241715126,Heath Close,residential,W05001056,Mumbles,not_started
242240719,Brokesby Close,residential,W05001040,Bon-y-maen,not_started
242245918,Fairfield Court,residential,W05001052,Llansamlet,not_started
242604071,Napier Road,residential,W05001062,Pontarddulais,not_started
242604728,Roderick Close,residential,W05001043,Cockett,not_started
24269953,Robert Street,residential,W05001044,Cwmbwrla,not_started
24269954,Eaton Road,tertiary,W05001057,Mynydd-bach,not_started
24269954,Eaton Road,tertiary,W05001044,Cwmbwrla,not_started
24269957,Richard Street,residential,W05001044,Cwmbwrla,not_started
24272131,Monger Street,residential,W05001050,Landore,not_started
24272138,Earl Street,residential,W05001050,Landore,not_started
24272139,Tawe Avenue,residential,W05001050,Landore,not_started
24272154,Cecil Street,residential,W05001044,Cwmbwrla,not_started
24272165,Phillip Street,residential,W05001044,Cwmbwrla,not_started
24272167,Compass Street,residential,W05001044,Cwmbwrla,not_started
24272168,Millwood Street,residential,W05001044,Cwmbwrla,not_started
24280082,Hafod Street,residential,W05001050,Landore,not_started
24376045,Manor Road,residential,W05001044,Cwmbwrla,not_started
24376065,Major Street,residential,W05001044,Cwmbwrla,not_started
24376234,Iorwerth Street,residential,W05001044,Cwmbwrla,not_started
24376313,Verig Street,residential,W05001044,Cwmbwrla,not_started
24389209,Mansel Drive,residential,W05001039,Bishopston,not_started
24389213,Miles Lane,unclassified,W05001039,Bishopston,not_started
24389280,Pier Street,unclassified,W05001068,Waterfront,not_started
24416775,Llwyn Crwn Road,residential,W05001052,Llansamlet,not_started
24423822,Heol Y Graig,residential,W05001042,Clydach,not_started
24423832,Heol Y Cae,residential,W05001042,Clydach,not_started
24465941,Penfilia Road,tertiary,W05001044,Cwmbwrla,not_started
24466002,Plough Road,residential,W05001050,Landore,not_started
24492240,Grandison Street,residential,W05001050,Landore,not_started
24492268,Vernon Street,residential,W05001050,Landore,not_started
24492338,Glyn Street,residential,W05001050,Landore,not_started
24519016,Colwyn Avenue,residential,W05001040,Bon-y-maen,not_started
24519017,Chepstow Place,residential,W05001040,Bon-y-maen,not_started
24519019,Mansel Road,tertiary,W05001040,Bon-y-maen,not_started
24540305,Heol Glynhir,unclassified,W05001062,Pontarddulais,not_started
24540307,Heol Y Waun,residential,W05001062,Pontarddulais,not_started
24540308,Maes Teg,residential,W05001062,Pontarddulais,not_started
24540470,Pontardulais Road,primary,W05001060,Penllergaer,not_started
24540749,Cae-Bryn Avenue,residential,W05001064,Sketty,not_started
24540750,Glan yr Afon Gardens,residential,W05001064,Sketty,not_started
24540767,Lon Olchfa,residential,W05001064,Sketty,not_started
24540768,Gwent Grove,residential,W05001064,Sketty,not_started
24540874,Coedfan,residential,W05001064,Sketty,not_started
24540875,The Spinney,residential,W05001064,Sketty,not_started
24541329,Hendremawr Close,residential,W05001064,Sketty,not_started
245796095,Llys Pentrefelen,residential,W05001057,Mynydd-bach,not_started
245796095,Llys Pentrefelen,residential,W05001051,Llangyfelach,not_started
245796864,Rothwell Road,residential,W05001050,Landore,not_started
24580296,Glenville Road,residential,W05001056,Mumbles,not_started
24580304,Glengower Close,residential,W05001056,Mumbles,not_started
24580305,Trinity Close,residential,W05001056,Mumbles,not_started
24580307,Helwick Close,residential,W05001056,Mumbles,not_started
24580314,Oystermouth Court,residential,W05001056,Mumbles,not_started
24583568,Aneurin Close,residential,W05001064,Sketty,not_started
24593243,Clyne View,residential,W05001045,Dunvant_Killay,not_started
24593251,Woodside Close,residential,W05001045,Dunvant_Killay,not_started
24593258,Landor Avenue,residential,W05001045,Dunvant_Killay,not_started
24605468,Clayton Street,residential,W05001050,Landore,not_started
24605469,Saddler Street,residential,W05001050,Landore,not_started
24605487,Mysydd Road,residential,W05001050,Landore,not_started
24605515,Sydney Street,residential,W05001044,Cwmbwrla,not_started
24607589,Rowan Close,residential,W05001045,Dunvant_Killay,not_started
24607592,Clyne Valley Cottages,residential,W05001045,Dunvant_Killay,not_started
24628552,Stepney Street,residential,W05001044,Cwmbwrla,not_started
24628558,Gwylym Street,residential,W05001044,Cwmbwrla,not_started
24628559,Caepistyll Street,residential,W05001041,Castle,not_started
24628560,Lion Street,residential,W05001041,Castle,not_started
24628662,Heol Maes-Y-Gelynen,residential,W05001055,Morriston,not_started
24628685,Mill Stream Way,unclassified,W05001052,Llansamlet,not_started
24628694,Mona Close,unclassified,W05001040,Bon-y-maen,not_started
24645064,Llangwm,residential,W05001059,Penderry,not_started
24645065,Broughton Avenue,tertiary,W05001059,Penderry,not_started
24645217,Llanerch Road,residential,W05001040,Bon-y-maen,not_started
24645218,Ty Draw Crescent,unclassified,W05001040,Bon-y-maen,not_started
24645219,Ty Draw Road,unclassified,W05001040,Bon-y-maen,not_started
24645220,Caldicot Road,residential,W05001040,Bon-y-maen,not_started
24645221,Bon-Y-Maen Road,tertiary,W05001040,Bon-y-maen,not_started
24645303,Lon Heddwch,residential,W05001052,Llansamlet,not_started
24645304,Y Gefnen,residential,W05001052,Llansamlet,not_started
24645305,Rhyd y Felin,residential,W05001052,Llansamlet,not_started
24645306,Maes Yr Haf,residential,W05001052,Llansamlet,not_started
24645307,Heol Hafdy,residential,W05001052,Llansamlet,not_started
24645309,Glan Y-Wern Road,residential,W05001052,Llansamlet,not_started
24645310,Tyn y Waun,residential,W05001052,Llansamlet,not_started
24648063,Clos George Morgan,residential,W05001055,Morriston,not_started
24651997,Midland Place,residential,W05001052,Llansamlet,not_started
24651999,Ffordd Llundain,residential,W05001052,Llansamlet,not_started
24652160,Cwmbath Road,residential,W05001055,Morriston,not_started
24652167,Parry Road,tertiary,W05001055,Morriston,not_started
24652294,Titanium Road,unclassified,W05001043,Cockett,not_started
24652294,Titanium Road,unclassified,W05001069,Waunarlwydd,not_started
24652489,Robert Owen Gardens,residential,W05001065,StThomas,not_started
24652490,David Williams Terrace,residential,W05001065,StThomas,not_started
24662914,Clyn Cwm Gwyn,residential,W05001045,Dunvant_Killay,not_started
24662916,St. Nicholas Court,residential,W05001045,Dunvant_Killay,not_started
24698169,The Lodge Close,residential,W05001064,Sketty,not_started
24713312,New Well Lane,tertiary,W05001056,Mumbles,not_started
24713355,Newton Villas,residential,W05001056,Mumbles,not_started
24713358,Brooklyn Terrace,residential,W05001056,Mumbles,not_started
24758011,Pen-y-fan,residential,W05001052,Llansamlet,not_started
24758012,Heol Cae Glas,residential,W05001052,Llansamlet,not_started
24758013,Maes-lan,residential,W05001052,Llansamlet,not_started
24758014,Summer Place,residential,W05001052,Llansamlet,not_started
24758031,Church Road,tertiary,W05001052,Llansamlet,not_started
24758140,Heol Briallu,residential,W05001055,Morriston,not_started
24758141,Springfield Street,residential,W05001055,Morriston,not_started
24758142,Pleasant Street,residential,W05001055,Morriston,not_started
24824079,Coltshill Drive,residential,W05001056,Mumbles,not_started
24824426,Ffynone Drive,residential,W05001067,Uplands,not_started
24824427,Ffynone Close,residential,W05001067,Uplands,not_started
24931718,Millands Close,residential,W05001056,Mumbles,not_started
24936118,Brokesby Road,residential,W05001040,Bon-y-maen,not_started
24936119,Dartford Road,residential,W05001040,Bon-y-maen,not_started
24936120,Talfan Road,residential,W05001040,Bon-y-maen,not_started
24936121,Cwm Chapel Road,residential,W05001040,Bon-y-maen,not_started
25121614,Hael Lane,unclassified,W05001061,Pennard,not_started
25384874,Penyrheol Close,residential,W05001064,Sketty,not_started
25384875,Ocean View Close,residential,W05001064,Sketty,not_started
25384941,Cedric Close,residential,W05001064,Sketty,not_started
25385244,Hartfield Close,residential,W05001064,Sketty,not_started
25385245,Glenfield Close,residential,W05001064,Sketty,not_started
25385246,The Beeches Close,residential,W05001064,Sketty,not_started
25525732,Langcliff Park,residential,W05001056,Mumbles,not_started
25525829,Rosser's Field,residential,W05001056,Mumbles,not_started
25537912,Pen-llwyn-march Road,residential,W05001043,Cockett,not_started
25537914,Gendros Avenue West,residential,W05001043,Cockett,not_started
25537916,Upper King's Head Road,residential,W05001043,Cockett,not_started
25537983,Ffordd-y-Brain,residential,W05001043,Cockett,not_started
25537984,Heol Calfin,residential,W05001043,Cockett,not_started
25537985,Heol Awstin,residential,W05001059,Penderry,not_started
25538187,Pembroke Street,residential,W05001044,Cwmbwrla,not_started
25538273,Queensway,unclassified,W05001043,Cockett,not_started
25538274,Cadle Mill,unclassified,W05001059,Penderry,not_started
25564503,Bishop's Grove,residential,W05001064,Sketty,not_started
25564522,Coed Mor,residential,W05001064,Sketty,not_started
25564529,Dulais Grove,residential,W05001064,Sketty,not_started
25564542,Millfield Close,residential,W05001064,Sketty,not_started
25653233,Rhos Road,residential,W05001043,Cockett,not_started
25653234,St. Peter's Terrace,residential,W05001043,Cockett,not_started
25653236,Ceri Road,residential,W05001066,Townhill,not_started
25703175,High Street,primary,W05001047,Gorseinon_Penyrheol,not_started
25703734,Fern Street,residential,W05001044,Cwmbwrla,not_started
25723080,Saint Teilo Street,primary,W05001062,Pontarddulais,not_started
25744920,Dulais Road,primary,W05001062,Pontarddulais,not_started
25745430,Martin Street,secondary,W05001055,Morriston,not_started
25789602,Lôn Cothi,residential,W05001043,Cockett,not_started
25789604,Elwy Crescent,residential,W05001066,Townhill,not_started
25789613,Gwylfa Road,residential,W05001066,Townhill,not_started
25789614,Gomer Road,residential,W05001066,Townhill,not_started
25789615,Brynffordd,residential,W05001043,Cockett,not_started
25789616,Bryn y Clochydd,residential,W05001043,Cockett,not_started
25789836,Raleigh Close,residential,W05001064,Sketty,not_started
25789837,Benbow Close,residential,W05001064,Sketty,not_started
25789838,Dana Drive,residential,W05001064,Sketty,not_started
25789839,Cunningham Close,residential,W05001064,Sketty,not_started
25789897,Brynaeron,residential,W05001045,Dunvant_Killay,not_started
25789898,Meadow View,residential,W05001045,Dunvant_Killay,not_started
25815996,Voylart Road,residential,W05001045,Dunvant_Killay,not_started
25816080,Pentyla Road,residential,W05001067,Uplands,not_started
25816081,Goronwy Road,residential,W05001043,Cockett,not_started
25816081,Goronwy Road,residential,W05001066,Townhill,not_started
25816229,Gendros Avenue East,residential,W05001043,Cockett,not_started
25816231,Samuel Crescent,residential,W05001043,Cockett,not_started
25816235,Maes Glas Road,residential,W05001044,Cwmbwrla,not_started
25816237,Brondeg,residential,W05001044,Cwmbwrla,not_started
25816242,Pegler Street,residential,W05001044,Cwmbwrla,not_started
25816244,Clare Street,residential,W05001044,Cwmbwrla,not_started
25816246,Miles Road,residential,W05001044,Cwmbwrla,not_started
25816300,Rosemary Court,residential,W05001055,Morriston,not_started
25816303,Saint David's Road,unclassified,W05001052,Llansamlet,not_started
25836051,Long View Road,residential,W05001057,Mynydd-bach,not_started
25936845,Hollybush Drive,residential,W05001064,Sketty,not_started
25936848,Stepney Road,residential,W05001043,Cockett,not_started
25936854,Lion Way,unclassified,W05001052,Llansamlet,not_started
26170701,Ash Street,residential,W05001055,Morriston,not_started
26170702,Tawe Street,residential,W05001055,Morriston,not_started
26170703,Wychtree Street,residential,W05001055,Morriston,not_started
26170704,Water Lane,unclassified,W05001055,Morriston,not_started
26170706,Camffrwd Way,unclassified,W05001052,Llansamlet,not_started
26170710,Kemys Way,unclassified,W05001052,Llansamlet,not_started
26170752,Viking Way,unclassified,W05001040,Bon-y-maen,not_started
26195573,Parc Road,residential,W05001055,Morriston,not_started
26195574,Parc Terrace,residential,W05001055,Morriston,not_started
26195577,Davis Street,residential,W05001050,Landore,not_started
26195578,Landeg Street,residential,W05001050,Landore,not_started
26195580,Forbes Street,residential,W05001050,Landore,not_started
26195582,Dinas Street,residential,W05001050,Landore,not_started
26195584,Millbrook Street,residential,W05001050,Landore,not_started
26195585,Idris Terrace,residential,W05001050,Landore,not_started
26195586,Britannia Road,residential,W05001050,Landore,not_started
26195589,Dyrus Road,residential,W05001050,Landore,not_started
26195597,Essex Terrace,residential,W05001050,Landore,not_started
26195598,Alfred Road,residential,W05001050,Landore,not_started
26195601,Emlyn Terrace,residential,W05001050,Landore,not_started
26195602,Roseberry Terrace,residential,W05001050,Landore,not_started
26195603,Plasmarl Terrace,residential,W05001050,Landore,not_started
26195606,Smyrna Street,residential,W05001050,Landore,not_started
26195643,Down Leaze,residential,W05001043,Cockett,not_started
26195645,New Road,residential,W05001043,Cockett,not_started
26254808,Heol-y-Gors,tertiary,W05001044,Cwmbwrla,not_started
26415405,Elgin Street,residential,W05001044,Cwmbwrla,not_started
26415434,Pwll-y-Domen Road,residential,W05001044,Cwmbwrla,not_started
26415436,Zouch Street,residential,W05001044,Cwmbwrla,not_started
26415740,Bohun Street,residential,W05001044,Cwmbwrla,not_started
26415742,Monterey Street,residential,W05001044,Cwmbwrla,not_started
26415760,Hopkins Street,residential,W05001044,Cwmbwrla,not_started
26415765,Bryn Street,residential,W05001044,Cwmbwrla,not_started
26431708,Heol Gerrig,residential,W05001057,Mynydd-bach,not_started
26437324,Kildare Street,residential,W05001044,Cwmbwrla,not_started
26471832,Ffordd Dryden,residential,W05001045,Dunvant_Killay,not_started
26527897,Goppa Road,residential,W05001062,Pontarddulais,not_started
26528446,Lan Street,residential,W05001055,Morriston,not_started
26528447,Bath Road,residential,W05001055,Morriston,not_started
26528448,Bath Avenue,residential,W05001055,Morriston,not_started
26550954,Broadacre,residential,W05001045,Dunvant_Killay,not_started
26550955,Glan Dulais,residential,W05001045,Dunvant_Killay,not_started
26551008,Harlech Close,residential,W05001064,Sketty,not_started
26551094,Prescelli Road,residential,W05001059,Penderry,not_started
26551098,Peris Road,residential,W05001059,Penderry,not_started
26551100,Crwys Terrace,residential,W05001059,Penderry,not_started
26551100,Crwys Terrace,residential,W05001057,Mynydd-bach,not_started
26551101,Pengwern Road,residential,W05001057,Mynydd-bach,not_started
26551103,Bryntywod,unclassified,W05001051,Llangyfelach,not_started
26551275,Hospital Road,unclassified,W05001060,Penllergaer,not_started
26551277,Brynrhos Crescent,residential,W05001060,Penllergaer,not_started
26551382,Clordir Road,unclassified,W05001063,Pontlliw_Tircoed,not_started
26562745,Glyn Crescent,residential,W05001064,Sketty,not_started
26566171,Geiriol Gardens,residential,W05001043,Cockett,not_started
26566171,Geiriol Gardens,residential,W05001066,Townhill,not_started
26566173,Gwynfor Road,residential,W05001043,Cockett,not_started
26566173,Gwynfor Road,residential,W05001066,Townhill,not_started
26583563,Phoenix Way,unclassified,W05001053,Llwchwr,not_started
26583563,Phoenix Way,unclassified,W05001060,Penllergaer,not_started
26584496,Talbot Street,residential,W05001049,Gowerton,not_started
26584531,Waunarlwydd Road,unclassified,W05001069,Waunarlwydd,not_started
26584558,Llwyn y Graig,unclassified,W05001060,Penllergaer,not_started
26584579,Caer-Gynydd Road,residential,W05001069,Waunarlwydd,not_started
26584587,Westwinds Close,residential,W05001069,Waunarlwydd,not_started
26584597,Bevan Way,residential,W05001069,Waunarlwydd,not_started
26584621,Swansea Road,secondary,W05001069,Waunarlwydd,not_started
26624955,Alexandra Road,tertiary,W05001041,Castle,not_started
26746741,Wimblewood Close,residential,W05001056,Mumbles,not_started
26821892,Lôn Camlad,residential,W05001055,Morriston,not_started
26821894,Glaslyn Place,residential,W05001057,Mynydd-bach,not_started
26821901,Ewenny Place,residential,W05001057,Mynydd-bach,not_started
26821905,Solva Road,residential,W05001057,Mynydd-bach,not_started
26821906,Creswell Road,residential,W05001057,Mynydd-bach,not_started
26821907,Severn Road,residential,W05001057,Mynydd-bach,not_started
26822121,St Clears Place,residential,W05001059,Penderry,not_started
26822122,Heol Cadifor,residential,W05001059,Penderry,not_started
26822123,Heol Penar,residential,W05001057,Mynydd-bach,not_started
26822123,Heol Penar,residential,W05001059,Penderry,not_started
26822124,John Penry Crescent,residential,W05001059,Penderry,not_started
26822125,Armine Road,residential,W05001043,Cockett,not_started
26822126,King's Head Road,residential,W05001043,Cockett,not_started
26822127,Eppynt Road,residential,W05001059,Penderry,not_started
26822128,Conway Road,tertiary,W05001059,Penderry,not_started
26822849,St. Donat's Avenue,residential,W05001064,Sketty,not_started
26841783,Clwyd Road,residential,W05001059,Penderry,not_started
26841785,Penlan Road,residential,W05001057,Mynydd-bach,not_started
26841785,Penlan Road,residential,W05001059,Penderry,not_started
26841832,Heol Fach,residential,W05001057,Mynydd-bach,not_started
26841958,Railway Terrace,residential,W05001043,Cockett,not_started
26841959,Bryn-Glas Road,residential,W05001043,Cockett,not_started
26841961,Brick Yard Road,residential,W05001043,Cockett,not_started
27012163,Heol Ddu,tertiary,W05001059,Penderry,not_started
27012163,Heol Ddu,tertiary,W05001057,Mynydd-bach,not_started
27012504,Meadow Street,residential,W05001066,Townhill,not_started
27046399,Garnlwyd Close,residential,W05001057,Mynydd-bach,not_started
27046400,Bryn Eglur Road,residential,W05001057,Mynydd-bach,not_started
27046401,Glasbury Road,residential,W05001057,Mynydd-bach,not_started
27046402,Gellifawr Road,residential,W05001057,Mynydd-bach,not_started
27046403,Gelli Gwyn Road,residential,W05001057,Mynydd-bach,not_started
27046427,Davies Street,residential,W05001055,Morriston,not_started
27046428,Glantawe Street,residential,W05001055,Morriston,not_started
27046452,Pen-y-môr Road,residential,W05001059,Penderry,not_started
27046453,Eiddwen Road,residential,W05001059,Penderry,not_started
27090868,Peter Terrace,residential,W05001041,Castle,not_started
27314240,Priors Crescent,residential,W05001045,Dunvant_Killay,not_started
27314241,Priors Way,residential,W05001045,Dunvant_Killay,not_started
27326285,Slipway Road,unclassified,W05001068,Waterfront,not_started
27326716,Pont y Cob Road,tertiary,W05001049,Gowerton,not_started
27390597,Fishermans Way,residential,W05001068,Waterfront,not_started
27390599,St Margarets Court,residential,W05001068,Waterfront,not_started
27545815,St Stephens Court,residential,W05001068,Waterfront,not_started
27596857,Waun Wen Terrace,residential,W05001041,Castle,not_started
27596887,Marsden Street,residential,W05001041,Castle,not_started
27596893,Joseph Davies' Close,residential,W05001041,Castle,not_started
27597519,Gordon Thomas Close,residential,W05001041,Castle,not_started
27609157,Bryn-Amlwg Road,residential,W05001043,Cockett,not_started
27609158,Ael-Y-Bryn Road,residential,W05001043,Cockett,not_started
27609159,Martell Street,residential,W05001043,Cockett,not_started
27615927,Highbury Close,residential,W05001044,Cwmbwrla,not_started
27616192,Heol-y-Maes,residential,W05001062,Pontarddulais,not_started
27625269,Church Gardens,residential,W05001043,Cockett,not_started
27625478,Glanymor Park Drive,residential,W05001053,Llwchwr,not_started
27639437,Pant Lasau Road,tertiary,W05001051,Llangyfelach,not_started
27639949,Bryntirion Road,primary,W05001063,Pontlliw_Tircoed,not_started
27664445,Heol Hermas,residential,W05001059,Penderry,not_started
27664445,Heol Hermas,residential,W05001057,Mynydd-bach,not_started
27664446,Plover Close,residential,W05001057,Mynydd-bach,not_started
27664448,Talley Road,residential,W05001059,Penderry,not_started
27664450,Bettws Road,residential,W05001059,Penderry,not_started
27740762,Ferry Road,residential,W05001053,Llwchwr,not_started
27741406,Maes y Deri,unclassified,W05001052,Llansamlet,not_started
27885928,Dale Close,residential,W05001069,Waunarlwydd,not_started
27885933,Mynydd Bach y Glo,unclassified,W05001069,Waunarlwydd,not_started
27947377,Raglan Road,residential,W05001064,Sketty,not_started
27947412,Llwynmawr Road,unclassified,W05001043,Cockett,not_started
28047983,Bayswater Road,residential,W05001064,Sketty,not_started
28047984,Lon Mefus,residential,W05001064,Sketty,not_started
281583109,Knoyle Terrace,residential,W05001057,Mynydd-bach,not_started
281584358,Windsor Place,residential,W05001056,Mumbles,not_started
281585444,Yr Hafan,residential,W05001068,Waterfront,not_started
28198613,Lon Mafon,residential,W05001064,Sketty,not_started
28198614,Lon Bedwen,residential,W05001064,Sketty,not_started
28198615,Lon Masarn,residential,W05001064,Sketty,not_started
28198617,Brynmead Close,residential,W05001064,Sketty,not_started
28198623,Lon Iorwg,residential,W05001064,Sketty,not_started
28198624,Lon Draenen,residential,W05001064,Sketty,not_started
28382958,Brynaeron Court,residential,W05001045,Dunvant_Killay,not_started
28400600,Portway,residential,W05001039,Bishopston,not_started
28486467,Gelli Aur,residential,W05001057,Mynydd-bach,not_started
28486600,Pentre Treharne Hill,residential,W05001050,Landore,not_started
28503443,Gelli'r Rhedyn,residential,W05001043,Cockett,not_started
28598971,Clovelly Place,residential,W05001056,Mumbles,not_started
286004912,Station Road,unclassified,W05001062,Pontarddulais,not_started
28619463,Poplar Close,residential,W05001064,Sketty,not_started
28619788,Juniper Close,residential,W05001064,Sketty,not_started
28760861,Hendre Owain,residential,W05001064,Sketty,not_started
28760867,Pant-yr-Odyn,residential,W05001064,Sketty,not_started
28760875,Bryn Derwen,residential,W05001064,Sketty,not_started
28760882,Cefn Helyg,residential,W05001064,Sketty,not_started
28760897,Cefn Glas,residential,W05001064,Sketty,not_started
28760961,Coniston Walk,residential,W05001064,Sketty,not_started
28760965,Harlech Crescent,tertiary,W05001064,Sketty,not_started
28761146,Llwyn Arosfa,residential,W05001064,Sketty,not_started
28761284,Heol Ysgawen,residential,W05001064,Sketty,not_started
28761343,Lon Derw,residential,W05001064,Sketty,not_started
28761725,Long Oaks Court,residential,W05001067,Uplands,not_started
28871869,Waunarlwydd Road,unclassified,W05001043,Cockett,not_started
28871873,Waunarlwydd Road,unclassified,W05001064,Sketty,not_started
28871874,Maliphant Street,residential,W05001050,Landore,not_started
29293672,Borough Road,residential,W05001053,Llwchwr,not_started
29583861,Station Road,residential,W05001053,Llwchwr,not_started
29586475,Bwrw Road,residential,W05001053,Llwchwr,not_started
296677378,Cwm Level Road,tertiary,W05001057,Mynydd-bach,not_started
296677380,Cwmlan Terrace,residential,W05001050,Landore,not_started
296677380,Cwmlan Terrace,residential,W05001057,Mynydd-bach,not_started
296677388,Haford Park,residential,W05001050,Landore,not_started
30091060,Welcome Lane,tertiary,W05001041,Castle,not_started
302353181,Clyne Cycle Path,unclassified,W05001049,Gowerton,not_started
302353182,Oakwood Drive,residential,W05001049,Gowerton,not_started
30385949,Caradog Place,residential,W05001066,Townhill,not_started
30486595,Guildhall Road South,secondary,W05001068,Waterfront,not_started
306492916,Westcliff,unclassified,W05001061,Pennard,not_started
30667315,Rustic Close,residential,W05001064,Sketty,not_started
30667316,Kendle Drive,residential,W05001064,Sketty,not_started
30667729,Hendrefolian Court,residential,W05001064,Sketty,not_started
306980458,Cefn Stylle Road,unclassified,W05001049,Gowerton,not_started
308891944,Gellionen Road,unclassified,W05001042,Clydach,not_started
30952005,Llwyn Rhedyn,residential,W05001064,Sketty,not_started
31259497,Castell Close,unclassified,W05001052,Llansamlet,not_started
31282308,Chestnut Avenue,tertiary,W05001056,Mumbles,not_started
314545841,Maes de Breos,residential,W05001053,Llwchwr,not_started
314547267,Beauchamp Walk,residential,W05001053,Llwchwr,not_started
314564483,Coles Close,residential,W05001050,Landore,not_started
314564811,Min yr Aber,residential,W05001047,Gorseinon_Penyrheol,not_started
314565404,The Acorns,residential,W05001056,Mumbles,not_started
314565633,Yew Tree Gardens,residential,W05001042,Clydach,not_started
31553223,Llewellyn Road,residential,W05001060,Penllergaer,not_started
31553225,Gelli Hyll,residential,W05001060,Penllergaer,not_started
31553227,Heol-yr-Eos,residential,W05001060,Penllergaer,not_started
31553228,Heol y Gelli,residential,W05001060,Penllergaer,not_started
31553230,Heol Dewi Sant,residential,W05001060,Penllergaer,not_started
31553231,Dillwyn Road,residential,W05001060,Penllergaer,not_started
31553549,Bryn Road,residential,W05001053,Llwchwr,not_started
31553549,Bryn Road,residential,W05001047,Gorseinon_Penyrheol,not_started
31553551,Frampton Road,tertiary,W05001047,Gorseinon_Penyrheol,not_started
31553552,Pencaecrwn Road,residential,W05001047,Gorseinon_Penyrheol,not_started
31744258,Shoppers Walk Arcade,pedestrian,W05001041,Castle,not_started
32058026,Bevan's Row,residential,W05001068,Waterfront,not_started
32264947,Killan Road,tertiary,W05001045,Dunvant_Killay,not_started
32264949,Fairwood Road,residential,W05001045,Dunvant_Killay,not_started
32298621,Alden Drive,residential,W05001043,Cockett,not_started
32298881,Glasfryn Close,residential,W05001043,Cockett,not_started
32446222,Felin Fach,unclassified,W05001043,Cockett,not_started
32446223,Prydwen Road,unclassified,W05001043,Cockett,not_started
32446224,Jubilee Court,unclassified,W05001043,Cockett,not_started
32446225,Corporation Road,unclassified,W05001043,Cockett,not_started
32446355,Myrtle Road,residential,W05001053,Llwchwr,not_started
32446357,Oak Street,residential,W05001053,Llwchwr,not_started
32446358,St. Paul's Terrace,residential,W05001053,Llwchwr,not_started
32446361,Bryngwyn Avenue,residential,W05001053,Llwchwr,not_started
32877651,Heol Dylan,residential,W05001047,Gorseinon_Penyrheol,not_started
32877652,Heol Cynan,residential,W05001047,Gorseinon_Penyrheol,not_started
32877653,Heol Nantlais,residential,W05001047,Gorseinon_Penyrheol,not_started
32877735,Pen-Cefn-Arda Road,unclassified,W05001047,Gorseinon_Penyrheol,not_started
32877736,Penyrheol Road,residential,W05001047,Gorseinon_Penyrheol,not_started
32877738,Gowerview Road,residential,W05001047,Gorseinon_Penyrheol,not_started
32877742,Sunningdale Drive,residential,W05001047,Gorseinon_Penyrheol,not_started
32877744,Westgrove Court,unclassified,W05001047,Gorseinon_Penyrheol,not_started
32877762,Heol Elfed,residential,W05001047,Gorseinon_Penyrheol,not_started
32877765,Heol Gwili,residential,W05001047,Gorseinon_Penyrheol,not_started
32877772,Heol Dyfed,residential,W05001047,Gorseinon_Penyrheol,not_started
32877798,Heol Crwys,residential,W05001047,Gorseinon_Penyrheol,not_started
32877808,Heol Islwyn,residential,W05001047,Gorseinon_Penyrheol,not_started
32877814,Clos Vernon Watkins,residential,W05001047,Gorseinon_Penyrheol,not_started
32877829,Penybanc Lane,residential,W05001047,Gorseinon_Penyrheol,not_started
32877847,Brynteg Road,residential,W05001047,Gorseinon_Penyrheol,not_started
32877851,Grove Street,residential,W05001047,Gorseinon_Penyrheol,not_started
32877862,Llanerch Crescent,residential,W05001047,Gorseinon_Penyrheol,not_started
32877864,Bryn Close,residential,W05001047,Gorseinon_Penyrheol,not_started
32877928,Brunant Road,residential,W05001047,Gorseinon_Penyrheol,not_started
32877933,Lime Street,tertiary,W05001047,Gorseinon_Penyrheol,not_started
32906601,Llys Brynteg,residential,W05001047,Gorseinon_Penyrheol,not_started
33391170,Princess Street,residential,W05001047,Gorseinon_Penyrheol,not_started
33391406,Brynawel Road,residential,W05001047,Gorseinon_Penyrheol,not_started
33391580,Brynhyfryd Road,residential,W05001047,Gorseinon_Penyrheol,not_started
33391731,Heol Gwenallt,residential,W05001047,Gorseinon_Penyrheol,not_started
33391890,Rufus Lewis Avenue,residential,W05001047,Gorseinon_Penyrheol,not_started
33391897,Brynffynnon Road,residential,W05001047,Gorseinon_Penyrheol,not_started
33391930,Llys y Werin,residential,W05001047,Gorseinon_Penyrheol,not_started
33392245,Brynamlwg Road,residential,W05001047,Gorseinon_Penyrheol,not_started
33393134,Brynafon Road,residential,W05001047,Gorseinon_Penyrheol,not_started
33393150,Pleasant Close,residential,W05001047,Gorseinon_Penyrheol,not_started
33393177,Saron Close,residential,W05001047,Gorseinon_Penyrheol,not_started
33393189,Brookfield Close,residential,W05001047,Gorseinon_Penyrheol,not_started
33393191,Mabon Close,residential,W05001047,Gorseinon_Penyrheol,not_started
33393196,Cobham Close,residential,W05001047,Gorseinon_Penyrheol,not_started
33393211,Fernhill Road,unclassified,W05001047,Gorseinon_Penyrheol,not_started
33393811,Bryneithin Road,residential,W05001047,Gorseinon_Penyrheol,not_started
33393818,Bryncelyn Road,residential,W05001047,Gorseinon_Penyrheol,not_started
33425215,Cecil Road,residential,W05001047,Gorseinon_Penyrheol,not_started
33425802,Sterry Road,tertiary,W05001049,Gowerton,not_started
33434048,Brighton Road,residential,W05001047,Gorseinon_Penyrheol,not_started
33434059,Cae Glas,residential,W05001047,Gorseinon_Penyrheol,not_started
33434082,Llys Dewi Sant,residential,W05001047,Gorseinon_Penyrheol,not_started
33434575,Lon y Felin,residential,W05001047,Gorseinon_Penyrheol,not_started
33435575,Bryngwastad Road,residential,W05001047,Gorseinon_Penyrheol,not_started
33435733,Maesyrhaf Place,residential,W05001053,Llwchwr,not_started
33435736,Pengry Road,unclassified,W05001053,Llwchwr,not_started
33436006,Clôs Brynafon,residential,W05001047,Gorseinon_Penyrheol,not_started
33514655,Brenig Road,residential,W05001059,Penderry,not_started
33514655,Brenig Road,residential,W05001044,Cwmbwrla,not_started
33536482,Derwlas,residential,W05001063,Pontlliw_Tircoed,not_started
33536483,Clos Cerdinen,residential,W05001063,Pontlliw_Tircoed,not_started
33536485,Bryn Bach,residential,W05001063,Pontlliw_Tircoed,not_started
33536486,Nythfa,residential,W05001063,Pontlliw_Tircoed,not_started
33536487,Nant Glas,residential,W05001063,Pontlliw_Tircoed,not_started
33536488,Brynhyfryd,residential,W05001063,Pontlliw_Tircoed,not_started
33536488,Brynhyfryd,residential,W05001051,Llangyfelach,not_started
33536492,Bron Afon,residential,W05001063,Pontlliw_Tircoed,not_started
33536495,Bron Afon Uchaf,residential,W05001063,Pontlliw_Tircoed,not_started
33536497,Llyn Tircoed,residential,W05001063,Pontlliw_Tircoed,not_started
33536500,Ffordd Y Goedwig,residential,W05001051,Llangyfelach,not_started
33536500,Ffordd Y Goedwig,residential,W05001063,Pontlliw_Tircoed,not_started
33536501,Fael Fan,residential,W05001063,Pontlliw_Tircoed,not_started
33536501,Fael Fan,residential,W05001051,Llangyfelach,not_started
33536502,Tro Tircoed,residential,W05001051,Llangyfelach,not_started
33536502,Tro Tircoed,residential,W05001063,Pontlliw_Tircoed,not_started
33536503,Tegfan,residential,W05001063,Pontlliw_Tircoed,not_started
33536504,Clos Ger Y Bryn,residential,W05001063,Pontlliw_Tircoed,not_started
33577242,Druidstone Way,residential,W05001060,Penllergaer,not_started
33577243,Parc Mawr Close,residential,W05001060,Penllergaer,not_started
33577245,St. David's Close,residential,W05001060,Penllergaer,not_started
33577247,Dryslwyn Close,residential,W05001060,Penllergaer,not_started
33577250,Heol y Felin,residential,W05001060,Penllergaer,not_started
33577252,Clos Cilfwnwr,residential,W05001060,Penllergaer,not_started
33577255,Clos Bryn Dafydd,residential,W05001060,Penllergaer,not_started
33577257,Clos Tirffordd,residential,W05001060,Penllergaer,not_started
33577260,Plas-y-Fforest,residential,W05001060,Penllergaer,not_started
33577262,Clos Penderri,residential,W05001060,Penllergaer,not_started
33577264,Clos Tŷ Mawr,residential,W05001060,Penllergaer,not_started
33577266,Broadwood,residential,W05001060,Penllergaer,not_started
33577268,Glanyrafon Close,residential,W05001060,Penllergaer,not_started
33577270,Bryn Deri Close,residential,W05001060,Penllergaer,not_started
33590838,Spruce Way,residential,W05001060,Penllergaer,not_started
33590840,Elm Crescent,residential,W05001060,Penllergaer,not_started
33590846,Oak Way,residential,W05001060,Penllergaer,not_started
33590863,Ffordd Dillwyn-Llewellyn,residential,W05001060,Penllergaer,not_started
33590864,Clos Penbwl,residential,W05001060,Penllergaer,not_started
33590865,Keeper's Close,residential,W05001060,Penllergaer,not_started
33590869,Clos Llorwydden,residential,W05001060,Penllergaer,not_started
33651083,High Street,residential,W05001062,Pontarddulais,not_started
33651084,Woodville Street,residential,W05001062,Pontarddulais,not_started
33651087,Glanffrwd Road,unclassified,W05001062,Pontarddulais,not_started
33651089,Heol-Y-Cae,residential,W05001062,Pontarddulais,not_started
33651090,Heol Glannant,residential,W05001062,Pontarddulais,not_started
33651091,Heol Dantwyn,residential,W05001062,Pontarddulais,not_started
33651093,Heol-Y-Coed,residential,W05001062,Pontarddulais,not_started
33651095,Highland Terrace,residential,W05001062,Pontarddulais,not_started
33651097,Cambrian Place,residential,W05001062,Pontarddulais,not_started
33651098,New Road,residential,W05001062,Pontarddulais,not_started
33651099,Bryn Road,residential,W05001062,Pontarddulais,not_started
33705273,Ffos Yr Efail Terrace,residential,W05001062,Pontarddulais,not_started
33705275,Maesgwyn Drive,residential,W05001062,Pontarddulais,not_started
33711484,Trinity Place,residential,W05001062,Pontarddulais,not_started
33711485,Blaen Morfa,residential,W05001062,Pontarddulais,not_started
33711487,Trinity Close,residential,W05001062,Pontarddulais,not_started
33711488,Coedbach Road,residential,W05001062,Pontarddulais,not_started
33711489,Glasfryn Road,residential,W05001062,Pontarddulais,not_started
33711491,Glasfryn,residential,W05001062,Pontarddulais,not_started
33711493,Park Close,residential,W05001062,Pontarddulais,not_started
33711495,Wyndham Close,residential,W05001062,Pontarddulais,not_started
33711498,Ffordd Y Glowr,residential,W05001062,Pontarddulais,not_started
33711500,Maes Morrison,residential,W05001062,Pontarddulais,not_started
33711504,Ffwrn Clai,residential,W05001062,Pontarddulais,not_started
33711506,Golwg Y Twr,residential,W05001062,Pontarddulais,not_started
33711508,Pen Y Pwll,residential,W05001062,Pontarddulais,not_started
33711509,Ffordd Yr Odyn,residential,W05001062,Pontarddulais,not_started
33711510,Golwg yr Eglwys,residential,W05001062,Pontarddulais,not_started
33711512,Birch Rock Road,residential,W05001062,Pontarddulais,not_started
33711514,Cwrt Rebecca,residential,W05001062,Pontarddulais,not_started
33711515,Gorsaf Y Glowr,residential,W05001062,Pontarddulais,not_started
33711516,Bolgoed Lane,residential,W05001062,Pontarddulais,not_started
33711517,Nant-y-Ffin Road,residential,W05001062,Pontarddulais,not_started
33711518,James Street,residential,W05001062,Pontarddulais,not_started
33711519,Oakfield Street,residential,W05001062,Pontarddulais,not_started
33711521,Twyniago,residential,W05001062,Pontarddulais,not_started
33711522,Heol Glyn-llwchwr,residential,W05001062,Pontarddulais,not_started
33711524,Heol Glanyrafon,residential,W05001062,Pontarddulais,not_started
33711525,Cross Street,residential,W05001062,Pontarddulais,not_started
33711526,Heol Pantiago,residential,W05001062,Pontarddulais,not_started
33711527,Bryniago,residential,W05001062,Pontarddulais,not_started
33711528,Clos Pen Pant,residential,W05001062,Pontarddulais,not_started
33995204,Maple Close,residential,W05001047,Gorseinon_Penyrheol,not_started
33995214,Bryn Einon Road,residential,W05001047,Gorseinon_Penyrheol,not_started
33995291,Clos Cwrt y Carne,residential,W05001047,Gorseinon_Penyrheol,not_started
33995295,Rowan Close,residential,W05001047,Gorseinon_Penyrheol,not_started
33995311,Chestnut Avenue,residential,W05001047,Gorseinon_Penyrheol,not_started
33995337,Beech Crescent,residential,W05001047,Gorseinon_Penyrheol,not_started
33995343,Grenfell Avenue,residential,W05001047,Gorseinon_Penyrheol,not_started
33995352,Cedar Avenue,residential,W05001047,Gorseinon_Penyrheol,not_started
33995402,Clos y Banc-yr-Eithin,residential,W05001047,Gorseinon_Penyrheol,not_started
33995411,Banc-yr-Eithin,residential,W05001047,Gorseinon_Penyrheol,not_started
33995420,Blackhill Road,residential,W05001047,Gorseinon_Penyrheol,not_started
33995422,Ash Grove,residential,W05001047,Gorseinon_Penyrheol,not_started
33995433,Elm Grove,unclassified,W05001047,Gorseinon_Penyrheol,not_started
33995439,Llys Gwynfaen,residential,W05001047,Gorseinon_Penyrheol,not_started
33995453,Heol Nant-y-Cwm,residential,W05001047,Gorseinon_Penyrheol,not_started
33995458,Clôs Morfa,residential,W05001047,Gorseinon_Penyrheol,not_started
34261412,Ffordd Eira,unclassified,W05001047,Gorseinon_Penyrheol,not_started
34261444,Howards Way,residential,W05001047,Gorseinon_Penyrheol,not_started
34261445,Nicholas Court,residential,W05001047,Gorseinon_Penyrheol,not_started
34261453,Megan Close,residential,W05001047,Gorseinon_Penyrheol,not_started
34261456,Heol Eifion,residential,W05001047,Gorseinon_Penyrheol,not_started
34261477,Heol Ffion,residential,W05001047,Gorseinon_Penyrheol,not_started
34261488,Cwrt Rhian,residential,W05001047,Gorseinon_Penyrheol,not_started
34261489,Clôs Delyth,residential,W05001047,Gorseinon_Penyrheol,not_started
34261561,Railway Terrace,unclassified,W05001047,Gorseinon_Penyrheol,not_started
34261611,Cross Street,residential,W05001047,Gorseinon_Penyrheol,not_started
34261696,Libanus Road,residential,W05001053,Llwchwr,not_started
34261696,Libanus Road,residential,W05001047,Gorseinon_Penyrheol,not_started
34261697,Trinity Street,residential,W05001047,Gorseinon_Penyrheol,not_started
34261706,Tredegar Road,residential,W05001047,Gorseinon_Penyrheol,not_started
34261828,Millers Drive,tertiary,W05001047,Gorseinon_Penyrheol,not_started
34261832,Ffordd yr Afon,residential,W05001047,Gorseinon_Penyrheol,not_started
34261867,Glan yr Afon,residential,W05001047,Gorseinon_Penyrheol,not_started
34261874,Village Drive,residential,W05001047,Gorseinon_Penyrheol,not_started
34261897,Six Mills Avenue,residential,W05001047,Gorseinon_Penyrheol,not_started
34261898,Heol Banc y Felin,residential,W05001047,Gorseinon_Penyrheol,not_started
34306732,Beaufort Close,residential,W05001056,Mumbles,not_started
34307056,Channel View,residential,W05001056,Mumbles,not_started
34411256,Station Road,residential,W05001049,Gowerton,not_started
34411261,Ffordd Beck,residential,W05001049,Gowerton,not_started
34598537,Bryngolau,residential,W05001047,Gorseinon_Penyrheol,not_started
34598672,Brownhills,residential,W05001047,Gorseinon_Penyrheol,not_started
34598870,Heol Pentre Bach,residential,W05001053,Llwchwr,not_started
34598870,Heol Pentre Bach,residential,W05001047,Gorseinon_Penyrheol,not_started
34598874,Heol Pen y Cae,residential,W05001047,Gorseinon_Penyrheol,not_started
34598885,Frampton Court,residential,W05001047,Gorseinon_Penyrheol,not_started
34598894,Clos Min yr Afon,residential,W05001047,Gorseinon_Penyrheol,not_started
34598906,Heol Pant y Dwr,residential,W05001047,Gorseinon_Penyrheol,not_started
34598911,Clos y Mynydd,residential,W05001047,Gorseinon_Penyrheol,not_started
34598924,Clos y Nant,residential,W05001047,Gorseinon_Penyrheol,not_started
35069227,Mydam Lane,residential,W05001047,Gorseinon_Penyrheol,not_started
35069229,Meadow Drive,residential,W05001047,Gorseinon_Penyrheol,not_started
35069231,Hawthorn Avenue,residential,W05001047,Gorseinon_Penyrheol,not_started
35069233,Cameron Place,residential,W05001047,Gorseinon_Penyrheol,not_started
35069233,Cameron Place,residential,W05001053,Llwchwr,not_started
35069234,Penybryn Road,residential,W05001047,Gorseinon_Penyrheol,not_started
35069237,Tir Mynydd,residential,W05001047,Gorseinon_Penyrheol,not_started
35069239,Park Close,residential,W05001047,Gorseinon_Penyrheol,not_started
35069240,Loughor Common,residential,W05001047,Gorseinon_Penyrheol,not_started
35069242,Penrhos,residential,W05001053,Llwchwr,not_started
35069248,Danybryn Road,residential,W05001053,Llwchwr,not_started
35069249,The Close,residential,W05001053,Llwchwr,not_started
35069251,Belgrave Road,residential,W05001053,Llwchwr,not_started
35069253,Belgrave Close,residential,W05001053,Llwchwr,not_started
35069254,Heathfield,residential,W05001053,Llwchwr,not_started
35069255,Charles Court,residential,W05001053,Llwchwr,not_started
35069261,Dyffryn Road,residential,W05001047,Gorseinon_Penyrheol,not_started
35069261,Dyffryn Road,residential,W05001053,Llwchwr,not_started
35069262,Pant Glas,residential,W05001053,Llwchwr,not_started
35069265,Pantycelyn,residential,W05001053,Llwchwr,not_started
35069267,Wellfield Close,residential,W05001047,Gorseinon_Penyrheol,not_started
35138773,Mount Crescent,residential,W05001060,Penllergaer,not_started
35202359,Bryndolau,residential,W05001045,Dunvant_Killay,not_started
35202360,Pen y Fro,residential,W05001045,Dunvant_Killay,not_started
35202362,Pen y Fro Close,residential,W05001045,Dunvant_Killay,not_started
35202363,Brooklands Close,residential,W05001045,Dunvant_Killay,not_started
35202364,Cefn Celyn,residential,W05001045,Dunvant_Killay,not_started
352393621,Clyne Common,secondary,W05001039,Bishopston,not_started
35393278,Glanrhyd Terrace,residential,W05001053,Llwchwr,not_started
35393282,Maes Maddock,residential,W05001053,Llwchwr,not_started
35393286,Queen's Avenue,residential,W05001053,Llwchwr,not_started
35393287,Rhydypolon,residential,W05001053,Llwchwr,not_started
35393289,Maes yr Efail,residential,W05001053,Llwchwr,not_started
35393294,Maes y Coed,residential,W05001053,Llwchwr,not_started
35393296,Lôn Brydwen,residential,W05001053,Llwchwr,not_started
35393297,Plâs Croeso,residential,W05001053,Llwchwr,not_started
35393301,Llwynderw,residential,W05001053,Llwchwr,not_started
35393303,Marlborough Road,residential,W05001053,Llwchwr,not_started
35393305,Sandringham Close,residential,W05001053,Llwchwr,not_started
35393307,Glyn Rhosyn,residential,W05001053,Llwchwr,not_started
35393308,Ystrad Einon,residential,W05001053,Llwchwr,not_started
35393310,Maes Glas,residential,W05001053,Llwchwr,not_started
35393312,Highfield,residential,W05001053,Llwchwr,not_started
35393313,Heol Brynglas,residential,W05001053,Llwchwr,not_started
35393315,Llys y Brenin,residential,W05001053,Llwchwr,not_started
35393317,Crud yr Awel,residential,W05001053,Llwchwr,not_started
35393318,Maes Dafydd,residential,W05001053,Llwchwr,not_started
35393320,Ffordd Cae Duke,residential,W05001053,Llwchwr,not_started
35393322,Harding Close,residential,W05001053,Llwchwr,not_started
35393323,Ffordd Kilby,residential,W05001053,Llwchwr,not_started
35393324,William Dennis Avenue,residential,W05001053,Llwchwr,not_started
35393329,Versil Terrace,residential,W05001053,Llwchwr,not_started
35393330,Greenfield Place,residential,W05001053,Llwchwr,not_started
35393331,Heol Cae Globe,residential,W05001053,Llwchwr,not_started
35393333,Waun Close,residential,W05001053,Llwchwr,not_started
35393340,Porth y Waun,residential,W05001049,Gowerton,not_started
35393347,Clos Marina,residential,W05001049,Gowerton,not_started
35428946,Foxgrove,residential,W05001053,Llwchwr,not_started
35429000,Pontardulais Road,secondary,W05001047,Gorseinon_Penyrheol,not_started
354419466,Pant-y-Felin Road,residential,W05001062,Pontarddulais,not_started
354565010,Ffordd y Coegylfinir,residential,W05001047,Gorseinon_Penyrheol,not_started
35471207,Cefn Coed Crescent,residential,W05001043,Cockett,not_started
35471212,Elwy Gardens,residential,W05001066,Townhill,not_started
35471216,Tower Court,residential,W05001066,Townhill,not_started
35471225,Meadow Rise,residential,W05001043,Cockett,not_started
35471228,Sunnymead Close,residential,W05001043,Cockett,not_started
35471230,Eastfield Close,residential,W05001043,Cockett,not_started
35471232,Clos yr Ael,residential,W05001043,Cockett,not_started
35471234,Clos yr Allt,residential,W05001043,Cockett,not_started
35471238,Clos yr Eglwys,residential,W05001043,Cockett,not_started
35471241,Elphin Crescent,residential,W05001043,Cockett,not_started
35572708,Gwalia Terrace,residential,W05001047,Gorseinon_Penyrheol,not_started
35572709,Windsor Terrace,residential,W05001047,Gorseinon_Penyrheol,not_started
35572710,Gwalia Close,residential,W05001047,Gorseinon_Penyrheol,not_started
35572711,Whittington Terrace,residential,W05001047,Gorseinon_Penyrheol,not_started
35572713,Chapel Street,residential,W05001047,Gorseinon_Penyrheol,not_started
35572714,Eynon Street,residential,W05001047,Gorseinon_Penyrheol,not_started
35572719,South View,unclassified,W05001047,Gorseinon_Penyrheol,not_started
35572724,Einon Court,residential,W05001047,Gorseinon_Penyrheol,not_started
35682714,Lôn Irfon,residential,W05001043,Cockett,not_started
35692104,Llys Gwalia,residential,W05001047,Gorseinon_Penyrheol,not_started
35770350,Gwynedd Gardens,residential,W05001066,Townhill,not_started
36098971,Ffordd Bryngwyn,residential,W05001053,Llwchwr,not_started
36098973,Clos y Maerdy,residential,W05001053,Llwchwr,not_started
36098975,Clos Melin Mynach,residential,W05001053,Llwchwr,not_started
36098977,Clos Llan-Dy-Fan,residential,W05001053,Llwchwr,not_started
36098979,Clos Bryngwyn,residential,W05001053,Llwchwr,not_started
36098983,Garngoch Terrace,residential,W05001053,Llwchwr,not_started
36098984,Ffordd Talfan,residential,W05001053,Llwchwr,not_started
36098986,Llys Aneirin,residential,W05001053,Llwchwr,not_started
36098990,Thompson Court,residential,W05001053,Llwchwr,not_started
36100305,Garrod Avenue,secondary,W05001049,Gowerton,not_started
36100305,Garrod Avenue,secondary,W05001045,Dunvant_Killay,not_started
36331743,Pineacre Close,residential,W05001064,Sketty,not_started
36331746,Greenwood Close,residential,W05001064,Sketty,not_started
36331750,Pine Tree Court,residential,W05001064,Sketty,not_started
36331759,Pantgwyn,residential,W05001064,Sketty,not_started
36606891,Gwent Gardens,residential,W05001066,Townhill,not_started
36821994,Penuel Close,residential,W05001053,Llwchwr,not_started
368371161,Clos yr Hesg,residential,W05001052,Llansamlet,not_started
368371164,Clos yr Onnen,residential,W05001052,Llansamlet,not_started
368371166,Nant y Creyr,residential,W05001052,Llansamlet,not_started
368371168,Sycamore Avenue,residential,W05001052,Llansamlet,not_started
36933602,Parc y Felin,residential,W05001064,Sketty,not_started
37073984,Alexandra Road,primary,W05001047,Gorseinon_Penyrheol,not_started
37073984,Alexandra Road,primary,W05001053,Llwchwr,not_started
37073986,Borough Road,primary,W05001047,Gorseinon_Penyrheol,not_started
37073987,Whitley Road,residential,W05001053,Llwchwr,not_started
37073988,Woodlands Road,residential,W05001053,Llwchwr,not_started
37073989,Heol Maes-y-Bryn,residential,W05001053,Llwchwr,not_started
37073990,North Road,residential,W05001053,Llwchwr,not_started
37073991,Penlan Road,residential,W05001053,Llwchwr,not_started
37073992,Richmond Park,residential,W05001053,Llwchwr,not_started
37073993,Richmond Road,residential,W05001053,Llwchwr,not_started
37073996,Heol Cae Tynewydd,residential,W05001053,Llwchwr,not_started
37074000,Soar Close,residential,W05001053,Llwchwr,not_started
37074003,Oakleigh Road,residential,W05001053,Llwchwr,not_started
37074006,Maytree Close,residential,W05001053,Llwchwr,not_started
37074009,Brynllwchwr Road,residential,W05001053,Llwchwr,not_started
37074011,Heol Maes-y-Cerrig,residential,W05001053,Llwchwr,not_started
37074014,Beili Glas,residential,W05001053,Llwchwr,not_started
37074022,St. David's Close,residential,W05001053,Llwchwr,not_started
37074024,Heol Pen-y-Beili,residential,W05001053,Llwchwr,not_started
37090837,New Cut Road,primary,W05001050,Landore,not_started
37337306,Heol Y Deri,residential,W05001055,Morriston,not_started
37341911,Coalbrook Road,secondary,W05001047,Gorseinon_Penyrheol,not_started
37367016,Heol Tir Du,residential,W05001055,Morriston,not_started
37367482,Heol Fedw,residential,W05001055,Morriston,not_started
37367483,Maes y Fedwen,residential,W05001055,Morriston,not_started
37373233,Heol Yr Eithen,residential,W05001055,Morriston,not_started
374546388,Crymlyn Road,tertiary,W05001052,Llansamlet,not_started
37873036,St. Catherine's Court,residential,W05001068,Waterfront,not_started
37873038,St. Christopher's Court,residential,W05001068,Waterfront,not_started
37873041,Abernethy Quay,residential,W05001068,Waterfront,not_started
38790937,Llys Llwyfen,residential,W05001052,Llansamlet,not_started
39274666,Lôn Cae Banc,residential,W05001064,Sketty,not_started
39626162,Moorside Road,residential,W05001056,Mumbles,not_started
40301262,Ashgrove,residential,W05001045,Dunvant_Killay,not_started
40301263,Lime Grove,residential,W05001045,Dunvant_Killay,not_started
40301265,Bro Dirion,residential,W05001045,Dunvant_Killay,not_started
40350163,Port Tennant Road,tertiary,W05001068,Waterfront,not_started
40350186,Lamberts Road,unclassified,W05001068,Waterfront,not_started
40567884,Highmoor,residential,W05001068,Waterfront,not_started
40567896,Goose Island,residential,W05001068,Waterfront,not_started
40567918,Camona Drive,residential,W05001068,Waterfront,not_started
40610882,Averil Vivian Grove,residential,W05001067,Uplands,not_started
40610882,Averil Vivian Grove,residential,W05001064,Sketty,not_started
40647079,Waltham Close,residential,W05001057,Mynydd-bach,not_started
40647080,Gellifach Crescent,residential,W05001057,Mynydd-bach,not_started
40647081,Gelli Glas Road,residential,W05001057,Mynydd-bach,not_started
40712911,Hafnant,residential,W05001040,Bon-y-maen,not_started
40715856,Tower Court,unclassified,W05001052,Llansamlet,not_started
40795335,Brandon Crescent,residential,W05001040,Bon-y-maen,not_started
40802824,Cardigan Crescent,residential,W05001040,Bon-y-maen,not_started
40802825,Criccieth Place,residential,W05001040,Bon-y-maen,not_started
40802826,Cilgerran Place,residential,W05001040,Bon-y-maen,not_started
40802827,Crickhowell Place,residential,W05001040,Bon-y-maen,not_started
40933973,Melcorn Drive,residential,W05001056,Mumbles,not_started
40933974,Croftfield Crescent,residential,W05001056,Mumbles,not_started
41015379,Second Avenue,residential,W05001057,Mynydd-bach,not_started
41015385,First Avenue,residential,W05001057,Mynydd-bach,not_started
410929573,Bishwell Road,residential,W05001049,Gowerton,not_started
411021738,Pant-y-Blawd Road,residential,W05001052,Llansamlet,not_started
411021767,Old Llangfelach Road,residential,W05001060,Penllergaer,not_started
41241557,Westland Close,residential,W05001053,Llwchwr,not_started
41241563,Rectory Close,residential,W05001053,Llwchwr,not_started
41241568,Heol Cae Copyn,residential,W05001053,Llwchwr,not_started
41241570,Heol Pen-y-Scallen,residential,W05001053,Llwchwr,not_started
41241579,Banfield Terrace,residential,W05001053,Llwchwr,not_started
41241580,Brynymor Road,residential,W05001053,Llwchwr,not_started
41241584,Glanymor Road,residential,W05001053,Llwchwr,not_started
41241587,Glanymor Lane,residential,W05001053,Llwchwr,not_started
41247316,Gwynfe Road,unclassified,W05001053,Llwchwr,not_started
41247367,Bwlch Road,unclassified,W05001053,Llwchwr,not_started
41463562,Mount Pleasant,residential,W05001049,Gowerton,not_started
41463569,Mansel Street,tertiary,W05001049,Gowerton,not_started
41467053,Gendros Crescent,tertiary,W05001043,Cockett,not_started
41475679,Swansea Road,secondary,W05001057,Mynydd-bach,not_started
41494185,West Street,secondary,W05001053,Llwchwr,not_started
41496788,Pen Y Graig Road,tertiary,W05001066,Townhill,not_started
41530029,Pentre Treharne Road,residential,W05001050,Landore,not_started
41830175,Bryn Rhosog,residential,W05001053,Llwchwr,not_started
41872959,Gower View Road,residential,W05001047,Gorseinon_Penyrheol,not_started
41883675,King Edward Road,tertiary,W05001067,Uplands,not_started
41886386,Mumbles Road,primary,W05001041,Castle,not_started
42401141,Leucarum Court,residential,W05001053,Llwchwr,not_started
42401146,Heol y Llan,residential,W05001053,Llwchwr,not_started
42401150,Clôs Rhandir,residential,W05001053,Llwchwr,not_started
42401156,Tŷ Myrtwydd,residential,W05001053,Llwchwr,not_started
42401160,Heol Ffynnon,residential,W05001053,Llwchwr,not_started
42401161,Llys Coed,residential,W05001053,Llwchwr,not_started
42401162,Bryn Vernel,residential,W05001053,Llwchwr,not_started
42401176,Argyll Avenue,residential,W05001047,Gorseinon_Penyrheol,not_started
42403506,Clare Court,residential,W05001053,Llwchwr,not_started
42403517,Castle Court,residential,W05001053,Llwchwr,not_started
42403518,Ferndale Drive,residential,W05001053,Llwchwr,not_started
42798137,Elm Court,residential,W05001047,Gorseinon_Penyrheol,not_started
42798138,Honeysuckle Lane,residential,W05001047,Gorseinon_Penyrheol,not_started
42798145,Gwydr Place,unclassified,W05001053,Llwchwr,not_started
42798147,Dock Street,residential,W05001053,Llwchwr,not_started
42798153,The Croft,residential,W05001053,Llwchwr,not_started
42798161,Vaughan Place,residential,W05001053,Llwchwr,not_started
42798166,Pen-y-Cae Lane,residential,W05001053,Llwchwr,not_started
42801982,Pleasant Road,residential,W05001060,Penllergaer,not_started
42802017,Mountain Road,unclassified,W05001060,Penllergaer,not_started
42802026,Kestrel Way,unclassified,W05001060,Penllergaer,not_started
42919192,Twyni Teg,residential,W05001045,Dunvant_Killay,not_started
42919193,Bron Y Bryn,residential,W05001045,Dunvant_Killay,not_started
42975801,Blackhills Lane,unclassified,W05001061,Pennard,not_started
43086361,Spring Gardens,residential,W05001047,Gorseinon_Penyrheol,not_started
43086373,Gors Road,residential,W05001060,Penllergaer,not_started
43086379,Orchard Grove,residential,W05001060,Penllergaer,not_started
43086385,Golwg-y-Garn,residential,W05001060,Penllergaer,not_started
43086386,Morgan Close,residential,W05001060,Penllergaer,not_started
43086392,Talbot Road,residential,W05001060,Penllergaer,not_started
43086397,Ryan Close,residential,W05001060,Penllergaer,not_started
43086404,Gilfach,residential,W05001060,Penllergaer,not_started
43086405,Y Garn,residential,W05001060,Penllergaer,not_started
43156168,Park View,residential,W05001053,Llwchwr,not_started
43585895,Ynys Werdd,residential,W05001060,Penllergaer,not_started
43585916,Plas Cadwgan,residential,W05001060,Penllergaer,not_started
43978241,North Lodge Close,residential,W05001060,Penllergaer,not_started
43978244,Pen y Bryn Close,residential,W05001060,Penllergaer,not_started
43978247,Penderri House,residential,W05001060,Penllergaer,not_started
43989970,Fairwood Road,tertiary,W05001056,Mumbles,not_started
44092011,Llys Ael y Bryn,residential,W05001060,Penllergaer,not_started
44139879,Queen's Road,residential,W05001056,Mumbles,not_started
44167800,St. Leger Crescent,residential,W05001065,StThomas,not_started
44289589,Sketty Road,primary,W05001067,Uplands,not_started
44362706,Heol Dalycopa,residential,W05001052,Llansamlet,not_started
44362710,Trallwn Road,tertiary,W05001040,Bon-y-maen,not_started
44362717,Caernarvon Way,residential,W05001040,Bon-y-maen,not_started
44366150,Victoria Road,secondary,W05001069,Waunarlwydd,not_started
444450164,Valley View,residential,W05001053,Llwchwr,not_started
444450165,Horizon Way,residential,W05001053,Llwchwr,not_started
446570205,Morris Drive,residential,W05001040,Bon-y-maen,not_started
4478688,Goetre Fawr Road,secondary,W05001045,Dunvant_Killay,not_started
4481791,Y Berllan,residential,W05001045,Dunvant_Killay,not_started
4481900,Parkway,tertiary,W05001064,Sketty,not_started
4486522,Wimmerfield Avenue,residential,W05001045,Dunvant_Killay,not_started
4486523,Wimmerfield Drive,tertiary,W05001045,Dunvant_Killay,not_started
4486524,Heather Crescent,residential,W05001064,Sketty,not_started
44887691,Mansel Court,residential,W05001049,Gowerton,not_started
44887693,Talbot Green,residential,W05001049,Gowerton,not_started
44887697,Pen-y-Dre,residential,W05001049,Gowerton,not_started
44887702,Heol y Gog,residential,W05001049,Gowerton,not_started
44887706,Bryn Eithin,residential,W05001049,Gowerton,not_started
44887707,Cae Grawn,residential,W05001049,Gowerton,not_started
44895507,Church Street,residential,W05001049,Gowerton,not_started
44908896,Parkwood,residential,W05001049,Gowerton,not_started
4520751,Laurel Place,residential,W05001064,Sketty,not_started
4520755,Cygnet Close,unclassified,W05001045,Dunvant_Killay,not_started
4520758,Dylan Road,residential,W05001045,Dunvant_Killay,not_started
4520760,Fairy Grove,unclassified,W05001045,Dunvant_Killay,not_started
4520762,De La Beche Road,tertiary,W05001064,Sketty,not_started
4520763,Briar Dene,residential,W05001064,Sketty,not_started
45324436,Clos Tygwyn,residential,W05001049,Gowerton,not_started
45324443,Clôs Trafle,residential,W05001049,Gowerton,not_started
45324444,Lliw Valley Close,residential,W05001049,Gowerton,not_started
45324449,Elba Street,residential,W05001049,Gowerton,not_started
45324454,Clos Gwernen,residential,W05001049,Gowerton,not_started
45324457,Nevills Close,residential,W05001049,Gowerton,not_started
45324462,Fairwood Terrace,residential,W05001049,Gowerton,not_started
45324464,Alder Way,residential,W05001049,Gowerton,not_started
45324468,Clos Afon Llan,residential,W05001049,Gowerton,not_started
45330626,Clôs Helyg,residential,W05001049,Gowerton,not_started
45330692,Roper Wright Close,residential,W05001049,Gowerton,not_started
45379017,Brynhyfryd Street,residential,W05001044,Cwmbwrla,not_started
45379024,Sylvia Terrace,residential,W05001044,Cwmbwrla,not_started
45379038,Ewart Place,residential,W05001044,Cwmbwrla,not_started
45379054,Weavers Mill,residential,W05001044,Cwmbwrla,not_started
45379059,Cross Street,residential,W05001044,Cwmbwrla,not_started
45379100,Frederick Street,residential,W05001044,Cwmbwrla,not_started
45379105,Freeman Street,residential,W05001044,Cwmbwrla,not_started
45379112,Brondeg Crescent,residential,W05001044,Cwmbwrla,not_started
45379123,Caebricks Road,residential,W05001044,Cwmbwrla,not_started
45392335,Spencer Street,residential,W05001044,Cwmbwrla,not_started
45396212,Gelli Grafog,residential,W05001065,StThomas,not_started
4542896,Dunvant Square,secondary,W05001045,Dunvant_Killay,not_started
4542910,Ernald Place,residential,W05001067,Uplands,not_started
4542914,Bernard Street,residential,W05001067,Uplands,not_started
4542915,Alexandra Terrace,residential,W05001067,Uplands,not_started
4550187,Ffordd Taliesin,residential,W05001045,Dunvant_Killay,not_started
4550194,Sycamore Close,residential,W05001064,Sketty,not_started
4550195,Hendrefoilan Drive,residential,W05001064,Sketty,not_started
4554180,New Mill Road,residential,W05001064,Sketty,not_started
4554182,Jasmine Close,residential,W05001064,Sketty,not_started
4555306,Laburnham Place,residential,W05001064,Sketty,not_started
4555307,Baytree Avenue,residential,W05001064,Sketty,not_started
4570969,Westbury Street,tertiary,W05001067,Uplands,not_started
45767319,Clôs Leighton Davies,residential,W05001049,Gowerton,not_started
45767321,Llys Elba,residential,W05001049,Gowerton,not_started
45767327,Clos Healy,residential,W05001049,Gowerton,not_started
45767330,Ffordd Butler,residential,W05001049,Gowerton,not_started
45767334,Ffordd y Gamlas,residential,W05001049,Gowerton,not_started
45767339,Llys Baldwin,residential,W05001049,Gowerton,not_started
45767412,Clos Bevan,residential,W05001049,Gowerton,not_started
45767413,Clwyd Wen,residential,W05001049,Gowerton,not_started
45767414,Clos y Gweydd,residential,W05001049,Gowerton,not_started
45767416,Maes-y-Deri,residential,W05001049,Gowerton,not_started
45767417,Ffordd Alltwen,residential,W05001049,Gowerton,not_started
45767419,Clos Cae Dafydd,residential,W05001049,Gowerton,not_started
4602961,Devon View,residential,W05001064,Sketty,not_started
46335241,Glanmorfa,residential,W05001049,Gowerton,not_started
46335242,Ffos Felen,residential,W05001049,Gowerton,not_started
46335246,Dan yr Allt,residential,W05001049,Gowerton,not_started
46335248,The Mount,residential,W05001049,Gowerton,not_started
46335250,Springfield Close,residential,W05001049,Gowerton,not_started
46335251,Uplands,residential,W05001049,Gowerton,not_started
46335253,Shaw Street,residential,W05001049,Gowerton,not_started
46335254,William Bowen Close,residential,W05001049,Gowerton,not_started
4686511,Derlwyn,tertiary,W05001045,Dunvant_Killay,not_started
4686512,Penallt,residential,W05001045,Dunvant_Killay,not_started
4686567,Bruce Road,unclassified,W05001069,Waunarlwydd,not_started
4686567,Bruce Road,unclassified,W05001043,Cockett,not_started
47267191,David Street,residential,W05001044,Cwmbwrla,not_started
47267401,Lynn Street,residential,W05001044,Cwmbwrla,not_started
47267419,Siloh Road,residential,W05001050,Landore,not_started
47267615,Mysydd Terrace,residential,W05001050,Landore,not_started
47269117,Wern Road,residential,W05001050,Landore,not_started
47269278,Sharpsburg Place,residential,W05001050,Landore,not_started
47269579,Station Road,residential,W05001050,Landore,not_started
47269659,Field Street,residential,W05001050,Landore,not_started
47270014,Plas-y-Coed Avenue,residential,W05001055,Morriston,not_started
47702055,Moorview Road,residential,W05001043,Cockett,not_started
48133026,Gower Rise,residential,W05001049,Gowerton,not_started
48133029,Cedar Close,residential,W05001049,Gowerton,not_started
48133033,Llys y Farchnad,residential,W05001049,Gowerton,not_started
48133034,Tir y Farchnad,residential,W05001049,Gowerton,not_started
48133036,Clos y Porthmon,residential,W05001049,Gowerton,not_started
48133037,Clos Tregwyr,residential,W05001049,Gowerton,not_started
48133038,Heol y Gwartheg,residential,W05001049,Gowerton,not_started
48133040,Yr Hen Gorlan,residential,W05001049,Gowerton,not_started
48348886,Woodview,residential,W05001049,Gowerton,not_started
48348887,Brookside,residential,W05001049,Gowerton,not_started
48348888,Springbourne Close,residential,W05001049,Gowerton,not_started
48348889,Willowbank,residential,W05001049,Gowerton,not_started
48348891,Ravensfield,residential,W05001049,Gowerton,not_started
48352343,Baytree Court,residential,W05001049,Gowerton,not_started
48427748,Brithwen Road,residential,W05001069,Waunarlwydd,not_started
48427750,Bryn Close,residential,W05001049,Gowerton,not_started
48427752,Derwen Close,residential,W05001069,Waunarlwydd,not_started
48674605,Long Oaks Mews,residential,W05001067,Uplands,not_started
48674611,Long Oaks Avenue,residential,W05001067,Uplands,not_started
48677110,Newnham Crescent,residential,W05001067,Uplands,not_started
48677113,Somerville Court,residential,W05001067,Uplands,not_started
48853033,Meadowcroft Close,residential,W05001069,Waunarlwydd,not_started
48853037,Stepney Road,residential,W05001069,Waunarlwydd,not_started
48853038,St Nicholas Close,residential,W05001069,Waunarlwydd,not_started
48853039,Westfield Road,residential,W05001069,Waunarlwydd,not_started
48853046,St. Govan's Place,residential,W05001069,Waunarlwydd,not_started
48853051,Camrose Drive,residential,W05001069,Waunarlwydd,not_started
48853056,Heol Ceri,residential,W05001069,Waunarlwydd,not_started
48853061,Heol Cleddau,residential,W05001069,Waunarlwydd,not_started
48853062,Greenways,residential,W05001069,Waunarlwydd,not_started
48853069,Hillbrook Close,residential,W05001069,Waunarlwydd,not_started
48905508,Ash Grove,residential,W05001069,Waunarlwydd,not_started
48908318,Runnymede,residential,W05001067,Uplands,not_started
48976735,Hollett Road,residential,W05001059,Penderry,not_started
48976737,Lloyd Road,residential,W05001057,Mynydd-bach,not_started
48976740,Penlan Terrace,residential,W05001057,Mynydd-bach,not_started
48976740,Penlan Terrace,residential,W05001059,Penderry,not_started
48976742,Parkhill Terrace,residential,W05001059,Penderry,not_started
48976742,Parkhill Terrace,residential,W05001057,Mynydd-bach,not_started
48976747,Wynter Court,residential,W05001057,Mynydd-bach,not_started
48976748,Waun Gron Road,residential,W05001057,Mynydd-bach,not_started
48976749,Waun Gron Close,residential,W05001057,Mynydd-bach,not_started
48981681,Moriah Road,residential,W05001057,Mynydd-bach,not_started
48981685,Heol y Cnap,residential,W05001057,Mynydd-bach,not_started
48981685,Heol y Cnap,residential,W05001050,Landore,not_started
48981688,New Road,residential,W05001057,Mynydd-bach,not_started
48981692,Heol Gwell,residential,W05001057,Mynydd-bach,not_started
48981693,Brynawel Crescent,residential,W05001057,Mynydd-bach,not_started
48981698,Pen y Wern Terrace,residential,W05001050,Landore,not_started
48981699,Pwll Street,residential,W05001050,Landore,not_started
48981704,Cae Rowland Street,residential,W05001044,Cwmbwrla,not_started
49013268,Grey Street,residential,W05001050,Landore,not_started
49023011,Windermere Road,residential,W05001057,Mynydd-bach,not_started
49023018,Windermere Road,residential,W05001055,Morriston,not_started
49023019,Ullswater Crescent,residential,W05001057,Mynydd-bach,not_started
49023020,Llanllienwen Close,residential,W05001055,Morriston,not_started
49023024,Tan-y-lan Terrace,tertiary,W05001055,Morriston,not_started
49023652,Clos Caersalem,residential,W05001057,Mynydd-bach,not_started
49066040,Bennett Street,residential,W05001050,Landore,not_started
49066041,Hamilton Street,residential,W05001050,Landore,not_started
49231937,Clos Cenawon,residential,W05001055,Morriston,not_started
49231939,Clos Rhedyn,residential,W05001055,Morriston,not_started
49231940,Penrhyn Court,residential,W05001055,Morriston,not_started
49231943,Tregelles Court,residential,W05001055,Morriston,not_started
49231945,Pentewan Close,residential,W05001055,Morriston,not_started
49231947,Tregarne Close,residential,W05001055,Morriston,not_started
49233190,Y Berllan,residential,W05001051,Llangyfelach,not_started
49233192,Cae Melyn,residential,W05001051,Llangyfelach,not_started
49233194,Llysgwyn,residential,W05001051,Llangyfelach,not_started
49233195,Y Dolau,residential,W05001051,Llangyfelach,not_started
49233198,Brynglas,residential,W05001051,Llangyfelach,not_started
49233199,Delfan,residential,W05001051,Llangyfelach,not_started
49233205,Y Waun Fach,residential,W05001051,Llangyfelach,not_started
49233207,Pant-y-Blodau,residential,W05001051,Llangyfelach,not_started
49233209,Y Wern,residential,W05001051,Llangyfelach,not_started
49233211,Cae Eithin,residential,W05001051,Llangyfelach,not_started
49233213,Cae Penpant,residential,W05001051,Llangyfelach,not_started
49233219,Maes y Dderwen,residential,W05001051,Llangyfelach,not_started
49234466,Clos Ddu,residential,W05001057,Mynydd-bach,not_started
49234467,Bryncelyn,residential,W05001051,Llangyfelach,not_started
49234470,Ffordd Dewi,residential,W05001051,Llangyfelach,not_started
49234471,Bryn Hedydd,residential,W05001057,Mynydd-bach,not_started
49234471,Bryn Hedydd,residential,W05001051,Llangyfelach,not_started
49234474,Clos Waun Wen,residential,W05001051,Llangyfelach,not_started
49234477,Parc y Delyn,residential,W05001051,Llangyfelach,not_started
49234478,Cae Crug,residential,W05001051,Llangyfelach,not_started
49234486,Bryn Rhosyn,residential,W05001051,Llangyfelach,not_started
49234487,Bro Dawel,residential,W05001051,Llangyfelach,not_started
49234490,Llys Penpant,residential,W05001051,Llangyfelach,not_started
49234491,Bryn y Gors,residential,W05001051,Llangyfelach,not_started
49234492,Pen y Maes,residential,W05001051,Llangyfelach,not_started
49234494,Yr Hafod,residential,W05001051,Llangyfelach,not_started
49234753,Slate Street,residential,W05001055,Morriston,not_started
49234754,Crown Street,residential,W05001055,Morriston,not_started
49234759,Harris Street,residential,W05001055,Morriston,not_started
49234765,Horeb Road,residential,W05001055,Morriston,not_started
49309474,Stryd St Teilo,primary,W05001062,Pontarddulais,not_started
49309480,Clos Maes yr Ysgol,residential,W05001062,Pontarddulais,not_started
49364083,Lancaster Court,residential,W05001043,Cockett,not_started
49364086,Cranfield Court,residential,W05001043,Cockett,not_started
49364092,Hatfield Court,residential,W05001043,Cockett,not_started
49364095,Cantref Court,residential,W05001043,Cockett,not_started
49364099,Burgley Court,residential,W05001043,Cockett,not_started
49364105,Beaufort Court,residential,W05001059,Penderry,not_started
49364112,Cranfield Court,residential,W05001059,Penderry,not_started
49364114,Chantry Court,residential,W05001059,Penderry,not_started
49364115,Cranmer Court,residential,W05001059,Penderry,not_started
49364116,Richmond Way,residential,W05001059,Penderry,not_started
49364118,Maes y Felin,residential,W05001059,Penderry,not_started
49364118,Maes y Felin,residential,W05001043,Cockett,not_started
49364119,Maes Y Parc,residential,W05001043,Cockett,not_started
49364122,Latimer Court,residential,W05001043,Cockett,not_started
49364127,Badminton Gardens,residential,W05001043,Cockett,not_started
49364133,Llwyncethin Road,residential,W05001044,Cwmbwrla,not_started
49532875,Mansion Gardens,residential,W05001060,Penllergaer,not_started
49619012,Cnap Llwyd Road,residential,W05001050,Landore,not_started
49619014,Trewyddfa Terrace,residential,W05001050,Landore,not_started
49619019,Maple Tree Close,residential,W05001057,Mynydd-bach,not_started
49619026,Cwmgelli Drive,residential,W05001057,Mynydd-bach,not_started
49619038,Cwmgelli Close,residential,W05001057,Mynydd-bach,not_started
49619040,Oakwood Avenue,residential,W05001057,Mynydd-bach,not_started
49619041,Beech Tree Close,residential,W05001057,Mynydd-bach,not_started
49619045,Honeysuckle Drive,residential,W05001057,Mynydd-bach,not_started
49619046,Elan Avenue,residential,W05001057,Mynydd-bach,not_started
49619047,Third Avenue,residential,W05001057,Mynydd-bach,not_started
49619049,Fourth Avenue,residential,W05001057,Mynydd-bach,not_started
49619052,Fifth Avenue,residential,W05001057,Mynydd-bach,not_started
49619057,Furze Crescent,residential,W05001057,Mynydd-bach,not_started
49619061,Penyryrfa,residential,W05001057,Mynydd-bach,not_started
49619064,Arwelfa,residential,W05001057,Mynydd-bach,not_started
49619066,Tenth Avenue,residential,W05001057,Mynydd-bach,not_started
49619067,Ninth Avenue,residential,W05001057,Mynydd-bach,not_started
49619078,Penrhiw Road,residential,W05001057,Mynydd-bach,not_started
49619085,Ystwyth Place,residential,W05001057,Mynydd-bach,not_started
49619097,Mount Crescent,residential,W05001057,Mynydd-bach,not_started
49619098,Clos Pen y Banc,residential,W05001057,Mynydd-bach,not_started
49732266,Elm Close,residential,W05001069,Waunarlwydd,not_started
49732269,Laurel Drive,residential,W05001069,Waunarlwydd,not_started
49732271,Birch Grove,residential,W05001069,Waunarlwydd,not_started
49732277,Oak Drive,residential,W05001069,Waunarlwydd,not_started
49732278,Maple Drive,residential,W05001069,Waunarlwydd,not_started
49876867,Morris Street,residential,W05001055,Morriston,not_started
49876872,Siloh Road,residential,W05001057,Mynydd-bach,not_started
49876874,Green Street,residential,W05001055,Morriston,not_started
49876876,Clos yr Orsaf,residential,W05001055,Morriston,not_started
49876880,Bedford Street,residential,W05001055,Morriston,not_started
49876883,Clos Camlas,residential,W05001055,Morriston,not_started
49876885,Banwell Street,residential,W05001055,Morriston,not_started
49876887,Margam Avenue,residential,W05001055,Morriston,not_started
49876890,Globe Street,residential,W05001055,Morriston,not_started
49876903,Soar Terrace,residential,W05001055,Morriston,not_started
49876905,Pentrepoeth School Road,residential,W05001055,Morriston,not_started
49876907,Brayley Road,residential,W05001055,Morriston,not_started
49876917,Bishop's Walk,residential,W05001055,Morriston,not_started
49876924,Heol Grug,residential,W05001055,Morriston,not_started
49876926,Heol Eirlys,residential,W05001055,Morriston,not_started
49876928,Heol y Rhedyn,residential,W05001055,Morriston,not_started
49876929,Camellia Drive,residential,W05001055,Morriston,not_started
49876930,Heol Miaren,residential,W05001055,Morriston,not_started
49988586,Foxgrove,residential,W05001069,Waunarlwydd,not_started
49988590,Corporation Road,unclassified,W05001069,Waunarlwydd,not_started
50236785,Login Road,residential,W05001069,Waunarlwydd,not_started
50236789,Clas-yr-Onnen,residential,W05001069,Waunarlwydd,not_started
50236792,Cwm Clyd,residential,W05001069,Waunarlwydd,not_started
50236796,Clas-y-Deri,residential,W05001069,Waunarlwydd,not_started
50236803,Cil y Coed,residential,W05001069,Waunarlwydd,not_started
50236803,Cil y Coed,residential,W05001043,Cockett,not_started
50249404,Villa Terrace,residential,W05001057,Mynydd-bach,not_started
50249407,Penlan Grove,residential,W05001059,Penderry,not_started
50249408,Parkhill Road,residential,W05001057,Mynydd-bach,not_started
50249408,Parkhill Road,residential,W05001059,Penderry,not_started
50249409,Tudor Road,residential,W05001057,Mynydd-bach,not_started
50249412,Heol Frank,residential,W05001059,Penderry,not_started
50249417,Llangorse Road,residential,W05001059,Penderry,not_started
50249435,Pensalem Road,residential,W05001059,Penderry,not_started
50249451,Penmynydd Road,residential,W05001059,Penderry,not_started
50249472,Tudno Close,residential,W05001059,Penderry,not_started
50249475,Heol Emrys,residential,W05001059,Penderry,not_started
50249482,Penrhyn Avenue,residential,W05001059,Penderry,not_started
50250537,Greenfield Crescent,residential,W05001052,Llansamlet,not_started
50250574,Eileen Road,residential,W05001052,Llansamlet,not_started
503336490,Howells' Reach,residential,W05001064,Sketty,not_started
50366417,Nottage Mews,residential,W05001056,Mumbles,not_started
504446766,Morfa Road,tertiary,W05001050,Landore,not_started
509844702,Hillcrest,residential,W05001053,Llwchwr,not_started
51008380,Sardis Close,residential,W05001069,Waunarlwydd,not_started
51008390,Barnabas Close,residential,W05001069,Waunarlwydd,not_started
51008405,Clas-y-Bedw,residential,W05001069,Waunarlwydd,not_started
51008426,Rosewarne Close,residential,W05001069,Waunarlwydd,not_started
51009388,Denver Road,residential,W05001043,Cockett,not_started
51086736,Heol Will George,residential,W05001069,Waunarlwydd,not_started
511135765,Picton Arcade,pedestrian,W05001041,Castle,not_started
511552930,Ffordd Parc Felindre,unclassified,W05001051,Llangyfelach,not_started
51193718,Carmarthen Road,secondary,W05001053,Llwchwr,not_started
51492953,Gelli Deg,residential,W05001043,Cockett,not_started
516594940,Heol Y Creyr Bach,residential,W05001047,Gorseinon_Penyrheol,not_started
516594941,Heol Y Pibydd,residential,W05001047,Gorseinon_Penyrheol,not_started
516650814,Mill Street,residential,W05001047,Gorseinon_Penyrheol,not_started
52110713,Heol Islwyn,residential,W05001043,Cockett,not_started
52110717,Heol Iscoed,residential,W05001043,Cockett,not_started
5353723,Ridgeway,tertiary,W05001045,Dunvant_Killay,not_started
54951419,Curry Close,residential,W05001045,Dunvant_Killay,not_started
54951430,Llys Teg,residential,W05001045,Dunvant_Killay,not_started
54951436,Bro Dawel,residential,W05001045,Dunvant_Killay,not_started
54951450,Llanerch Road,unclassified,W05001045,Dunvant_Killay,not_started
54951487,Cae Crwn,residential,W05001045,Dunvant_Killay,not_started
54962127,St Rhidian Drive,residential,W05001045,Dunvant_Killay,not_started
54964870,St Nicholas Court,residential,W05001045,Dunvant_Killay,not_started
54964872,Wimmerfield Close,residential,W05001045,Dunvant_Killay,not_started
54964873,Keats Grove,residential,W05001045,Dunvant_Killay,not_started
54964878,Heol Glasnant,residential,W05001045,Dunvant_Killay,not_started
54964888,Stepney Lane,residential,W05001043,Cockett,not_started
55045830,Carmel Road,unclassified,W05001063,Pontlliw_Tircoed,not_started
55045843,Allt Y Graban Road,unclassified,W05001063,Pontlliw_Tircoed,not_started
55059599,St Aiden Drive,residential,W05001045,Dunvant_Killay,not_started
55597617,Port Talbot Place,residential,W05001059,Penderry,not_started
55597618,Glasbrook Place,residential,W05001059,Penderry,not_started
55880326,Peniel Road,residential,W05001057,Mynydd-bach,not_started
55880329,Llys Dol,residential,W05001055,Morriston,not_started
55880333,Treharne Road,residential,W05001055,Morriston,not_started
55880433,Allaway Court,residential,W05001041,Castle,not_started
55880445,Cwmfelin Way,residential,W05001041,Castle,not_started
55880447,Lydbrook Court,residential,W05001041,Castle,not_started
5608516,Park Road,residential,W05001049,Gowerton,not_started
5608521,Gurnos Road,residential,W05001049,Gowerton,not_started
5666756,St. Helens Avenue,residential,W05001067,Uplands,not_started
5666758,St. Helens Crescent,residential,W05001067,Uplands,not_started
5712268,Rheidol Avenue,tertiary,W05001057,Mynydd-bach,not_started
59148640,Aneurin Way,residential,W05001064,Sketty,not_started
59434322,Lamb Lane,residential,W05001045,Dunvant_Killay,not_started
59652357,Pontardawe Road,secondary,W05001042,Clydach,not_started
59843176,Heatherslade Close,residential,W05001061,Pennard,not_started
601806881,Sir Harry Secombe Court,residential,W05001068,Waterfront,not_started
60187251,Capel Road,tertiary,W05001042,Clydach,not_started
60269928,Cotswold Close,residential,W05001043,Cockett,not_started
60269956,Downs Close,residential,W05001043,Cockett,not_started
60269975,Bryn Road,residential,W05001043,Cockett,not_started
60269984,Bryn Siriol,residential,W05001043,Cockett,not_started
60270000,Cheviot Close,residential,W05001043,Cockett,not_started
60270005,Pennine Close,residential,W05001043,Cockett,not_started
60270022,Snowdon Drive,residential,W05001043,Cockett,not_started
60270030,Mendip Close,residential,W05001043,Cockett,not_started
60270037,Pentland Close,residential,W05001043,Cockett,not_started
60270041,Landsdowne Court,residential,W05001043,Cockett,not_started
60270042,Weig Fach Lane,residential,W05001043,Cockett,not_started
60270045,Grampian Way,residential,W05001043,Cockett,not_started
60270046,Aldwyn Road,residential,W05001043,Cockett,not_started
60270047,Venables Close,residential,W05001043,Cockett,not_started
60270049,St. Peter's Avenue,residential,W05001043,Cockett,not_started
60270050,Murrayfield Close,residential,W05001043,Cockett,not_started
60270052,Clos San Pedr,residential,W05001043,Cockett,not_started
60270054,Gomer Gardens,residential,W05001066,Townhill,not_started
60270062,Elphin Gardens,residential,W05001066,Townhill,not_started
60580332,Rhodfa'r Brain,residential,W05001043,Cockett,not_started
60580496,Beverley Gardens,residential,W05001043,Cockett,not_started
60580531,Beverley Close,residential,W05001043,Cockett,not_started
60580731,Goole Road,residential,W05001043,Cockett,not_started
60581253,Morlais Road,residential,W05001059,Penderry,not_started
60581298,Cadnant Road,residential,W05001059,Penderry,not_started
60581352,Arennig Road,residential,W05001059,Penderry,not_started
60581364,Carrog Road,residential,W05001059,Penderry,not_started
60581374,Idwal Place,residential,W05001059,Penderry,not_started
60815041,Penrhos Place,residential,W05001043,Cockett,not_started
60815049,Moorview Close,residential,W05001043,Cockett,not_started
60815059,Weig Gardens,residential,W05001043,Cockett,not_started
60815069,McRitchie Place,residential,W05001043,Cockett,not_started
60815079,Clos Aderyn Du,residential,W05001043,Cockett,not_started
60815088,Haig Place,residential,W05001043,Cockett,not_started
60815095,Weig Road,residential,W05001043,Cockett,not_started
60815102,Gendros Drive,residential,W05001043,Cockett,not_started
60815106,Gendros Close,residential,W05001043,Cockett,not_started
60815119,Cwm Du Close,residential,W05001043,Cockett,not_started
60815122,Mile End Close,residential,W05001043,Cockett,not_started
60815159,Bryn Goleu Road,residential,W05001043,Cockett,not_started
60818031,Llwyn Celyn,residential,W05001043,Cockett,not_started
60818035,Llwyn On,residential,W05001043,Cockett,not_started
60818042,Clos Madlen,residential,W05001043,Cockett,not_started
60818060,Llwyn Derw,residential,W05001043,Cockett,not_started
60818081,Llwyn Bedw,residential,W05001043,Cockett,not_started
60818085,Llwyn Eithin,residential,W05001043,Cockett,not_started
60818098,Nant y Felin,unclassified,W05001043,Cockett,not_started
60818108,Abergelly Road,unclassified,W05001043,Cockett,not_started
60818122,Europa Way,unclassified,W05001043,Cockett,not_started
60849709,Heol Trefor,residential,W05001059,Penderry,not_started
60849711,Lôn Ithon,residential,W05001055,Morriston,not_started
60849714,Lôn Nedd,residential,W05001055,Morriston,not_started
60849716,Heol Cefni,residential,W05001055,Morriston,not_started
60849717,Lan Manor,residential,W05001055,Morriston,not_started
60849718,Lôn Hafren,residential,W05001055,Morriston,not_started
60849721,Lôn Gwendraeth,residential,W05001055,Morriston,not_started
60849725,Lôn Sawdde,residential,W05001055,Morriston,not_started
60849737,Lôn Claerwen,residential,W05001055,Morriston,not_started
60849778,Cwrt Llwyn Fedwen,residential,W05001055,Morriston,not_started
60849781,Cwrt Cilmeri,residential,W05001055,Morriston,not_started
60849787,Llys Dur,residential,W05001055,Morriston,not_started
60849815,Field Close,residential,W05001055,Morriston,not_started
60849824,Glyncollen Drive,residential,W05001055,Morriston,not_started
60849827,Cae-nan,residential,W05001055,Morriston,not_started
60849831,Glyn Hirnant,residential,W05001055,Morriston,not_started
60849841,Glyncollen Crescent,residential,W05001055,Morriston,not_started
60849848,Gwern Fadog Road,residential,W05001055,Morriston,not_started
60849863,Cefn Glas,residential,W05001055,Morriston,not_started
60849864,Enfield Close,residential,W05001055,Morriston,not_started
60849886,Maes-y-Gwernen Close,residential,W05001055,Morriston,not_started
60849892,Brodorion Drive,residential,W05001055,Morriston,not_started
60852002,Pennard Street,residential,W05001044,Cwmbwrla,not_started
60852003,Penlan Fach,residential,W05001044,Cwmbwrla,not_started
60852034,Washington Street,residential,W05001050,Landore,not_started
60852039,Hosea Row,residential,W05001050,Landore,not_started
60861054,Carlton Road,residential,W05001042,Clydach,not_started
60861055,Kelvin Road,residential,W05001042,Clydach,not_started
60861058,Park Road,residential,W05001042,Clydach,not_started
60861059,Tanycoed Road,residential,W05001042,Clydach,not_started
60861133,Penydre Road,residential,W05001042,Clydach,not_started
60861139,Tanyrallt,residential,W05001042,Clydach,not_started
61319765,Beattie Street,residential,W05001044,Cwmbwrla,not_started
61351057,Alice Street,residential,W05001044,Cwmbwrla,not_started
61351058,Phyllis Street,residential,W05001044,Cwmbwrla,not_started
61351059,Megan Street,residential,W05001044,Cwmbwrla,not_started
61351061,Coedwig Place,residential,W05001043,Cockett,not_started
61351066,Montana Place,residential,W05001050,Landore,not_started
61351069,Greenfield Terrace,residential,W05001050,Landore,not_started
61351070,Tabernacle Street,residential,W05001050,Landore,not_started
61351085,Penplas Road,unclassified,W05001051,Llangyfelach,not_started
61351085,Penplas Road,unclassified,W05001059,Penderry,not_started
61351087,Newgale Close,residential,W05001059,Penderry,not_started
61351088,Whitland Close,residential,W05001059,Penderry,not_started
61351092,Templeton Way,residential,W05001059,Penderry,not_started
61351094,Neyland Drive,residential,W05001059,Penderry,not_started
61351095,Canaston Court,residential,W05001059,Penderry,not_started
61351098,Nolton Court,residential,W05001059,Penderry,not_started
61351099,Marloes Court,residential,W05001059,Penderry,not_started
61351103,Heol Pen-tir-garw,residential,W05001059,Penderry,not_started
61351109,Caldey Place,residential,W05001059,Penderry,not_started
61351110,Ramsey Place,residential,W05001059,Penderry,not_started
61351112,Flatholm Place,residential,W05001059,Penderry,not_started
61351113,Bardsey Avenue,residential,W05001059,Penderry,not_started
61351114,Grassholm Gardens,residential,W05001059,Penderry,not_started
61351116,Nant Cadle,residential,W05001059,Penderry,not_started
61351119,Ffynnon Caeconna,residential,W05001059,Penderry,not_started
61351120,Cefn-y-maes,residential,W05001059,Penderry,not_started
61351121,Pwll-yr-hwyaid,residential,W05001059,Penderry,not_started
61351122,Cadle-Dell Place,residential,W05001059,Penderry,not_started
61351124,Brookfield Place,residential,W05001059,Penderry,not_started
61351125,Cadle Wood Road,residential,W05001059,Penderry,not_started
61351126,Cadle Place,residential,W05001059,Penderry,not_started
61351128,Greenwood Place,residential,W05001059,Penderry,not_started
61351130,Oakford Place,residential,W05001059,Penderry,not_started
61351133,Westdale Road,residential,W05001059,Penderry,not_started
61351134,Glenside Road,residential,W05001059,Penderry,not_started
616604809,British Legion Club,bus_stop,W05001047,Gorseinon_Penyrheol,not_started
616643916,Swansea Sainsbury,bus_stop,W05001041,Castle,not_started
616643918,Canaan Terrace (NE),bus_stop,W05001065,StThomas,not_started
63819362,Bosco Lane,residential,W05001061,Pennard,not_started
672030947,Longfields,residential,W05001056,Mumbles,not_started
673626880,Bellerphon Court,residential,W05001040,Bon-y-maen,not_started
673626882,Prince Apartments,residential,W05001040,Bon-y-maen,not_started
675383511,Golwg Y Garreg Wen,residential,W05001050,Landore,not_started
67691509,Plas Newydd,residential,W05001045,Dunvant_Killay,not_started
67691514,Sunnybank,residential,W05001045,Dunvant_Killay,not_started
67691542,Lon Killan,residential,W05001045,Dunvant_Killay,not_started
67691546,Voylart Close,residential,W05001045,Dunvant_Killay,not_started
678494014,Westway,tertiary,W05001041,Castle,not_started
686262056,Glynhir Road,unclassified,W05001062,Pontarddulais,not_started
686280063,Gwynfe Road,unclassified,W05001047,Gorseinon_Penyrheol,not_started
687200402,Nantyffin Road,primary,W05001040,Bon-y-maen,not_started
687214980,Phoenix Way,tertiary,W05001052,Llansamlet,not_started
687216595,Siemens Way,tertiary,W05001040,Bon-y-maen,not_started
687358393,Clos Llyn Cwm,unclassified,W05001040,Bon-y-maen,not_started
68911233,Cwrt y Fedwen,residential,W05001052,Llansamlet,not_started
68911241,Clos Cadno,residential,W05001052,Llansamlet,not_started
68911244,Coed Ceirios,residential,W05001052,Llansamlet,not_started
68911251,Ffordd y Wiwer,residential,W05001052,Llansamlet,not_started
68914099,Pengors Road,residential,W05001051,Llangyfelach,not_started
68914101,Fairview Road,residential,W05001051,Llangyfelach,not_started
69409085,Llys Sant Teilo,residential,W05001051,Llangyfelach,not_started
69906441,Pleasant View Terrace,residential,W05001057,Mynydd-bach,not_started
69906442,Albany Close,residential,W05001057,Mynydd-bach,not_started
69906443,Lynsdale Road,residential,W05001057,Mynydd-bach,not_started
69906443,Lynsdale Road,residential,W05001044,Cwmbwrla,not_started
70509113,Heron Drive,unclassified,W05001052,Llansamlet,not_started
70509121,Faraday Road,residential,W05001042,Clydach,not_started
70509126,Mallard Way,residential,W05001052,Llansamlet,not_started
70509134,Heol-y-parc,residential,W05001063,Pontlliw_Tircoed,not_started
70509135,Fagwr Place,residential,W05001055,Morriston,not_started
70509138,Grove Road,residential,W05001042,Clydach,not_started
70509155,Gwenlais Road,unclassified,W05001063,Pontlliw_Tircoed,not_started
70509155,Gwenlais Road,unclassified,W05001062,Pontarddulais,not_started
70509165,Heol-y-fagwr,residential,W05001042,Clydach,not_started
70509167,Tirpenry Street,residential,W05001055,Morriston,not_started
70509168,Newton Road,residential,W05001042,Clydach,not_started
70509170,Gellionnen Road,residential,W05001042,Clydach,not_started
70509181,Brynamlwg,residential,W05001042,Clydach,not_started
70948298,Bryngelli Road,residential,W05001057,Mynydd-bach,not_started
70948299,Bryngelli Park,residential,W05001057,Mynydd-bach,not_started
70948300,Carno Place,residential,W05001057,Mynydd-bach,not_started
70948316,Gwynfi Street,residential,W05001057,Mynydd-bach,not_started
70948317,Clifton Court,residential,W05001057,Mynydd-bach,not_started
70948318,Knoyle Street,residential,W05001057,Mynydd-bach,not_started
70948319,Knoyle Drive,residential,W05001057,Mynydd-bach,not_started
70948320,Bryngelli Drive,residential,W05001057,Mynydd-bach,not_started
70948336,Pineway,residential,W05001057,Mynydd-bach,not_started
70948337,Cae-pys Road,residential,W05001057,Mynydd-bach,not_started
70948338,Gelert Street,residential,W05001057,Mynydd-bach,not_started
70948340,Castle Graig Road,residential,W05001050,Landore,not_started
70948353,Bryn Parc,residential,W05001055,Morriston,not_started
70948358,Bartley Terrace,residential,W05001050,Landore,not_started
70948624,Maes-y-coed,residential,W05001055,Morriston,not_started
70948625,Bryn Derw Gardens,residential,W05001055,Morriston,not_started
70948626,Penrice Street,residential,W05001055,Morriston,not_started
70948627,Tawe View Crescent,residential,W05001055,Morriston,not_started
70948628,Maes-y-bryn,residential,W05001055,Morriston,not_started
70948629,Can-yr-eos,residential,W05001057,Mynydd-bach,not_started
70948630,Gwladygan,residential,W05001057,Mynydd-bach,not_started
70948631,Penmachno,residential,W05001057,Mynydd-bach,not_started
70948633,Brangwyn Close,residential,W05001057,Mynydd-bach,not_started
70948634,Telyn Aur,residential,W05001057,Mynydd-bach,not_started
70948635,Godre'r Coed,residential,W05001057,Mynydd-bach,not_started
70948636,Can-yr-aderyn,residential,W05001057,Mynydd-bach,not_started
70948637,Llwyn-yr-eos,residential,W05001057,Mynydd-bach,not_started
70948638,Mount Street,residential,W05001055,Morriston,not_started
70948639,Park Lodge Road,residential,W05001055,Morriston,not_started
70948641,Pine Crescent,residential,W05001057,Mynydd-bach,not_started
70948642,Harry Street,residential,W05001055,Morriston,not_started
70948643,Dan-y-parc,residential,W05001055,Morriston,not_started
70948644,Ger-y-parc,residential,W05001055,Morriston,not_started
70948645,Faull Street,residential,W05001055,Morriston,not_started
70948646,Ffordd-y-parc,residential,W05001055,Morriston,not_started
70948647,Francis Road,residential,W05001055,Morriston,not_started
70948648,Park Close,residential,W05001055,Morriston,not_started
70948806,Eighth Avenue,residential,W05001057,Mynydd-bach,not_started
70948807,Banwy Road,residential,W05001057,Mynydd-bach,not_started
70948810,Ramsey Drive,residential,W05001057,Mynydd-bach,not_started
70948811,Ruggles Terrace,residential,W05001057,Mynydd-bach,not_started
70948995,Clase Drive,residential,W05001057,Mynydd-bach,not_started
71764023,York Street,unclassified,W05001041,Castle,not_started
724463676,Bay View Court,residential,W05001064,Sketty,not_started
73008317,Afon-Llan Gardens,residential,W05001059,Penderry,not_started
73008321,Heol Dynys,residential,W05001059,Penderry,not_started
73008333,Caeconna Road,residential,W05001059,Penderry,not_started
73008339,Cadle Close,residential,W05001059,Penderry,not_started
732437959,Bryn Derwyen,unclassified,W05001064,Sketty,not_started
73369905,Clos Morgannwg,residential,W05001066,Townhill,not_started
735408066,Clos Salem,residential,W05001042,Clydach,not_started
735480263,Townsend Street,residential,W05001040,Bon-y-maen,not_started
735480265,Vale Street,residential,W05001040,Bon-y-maen,not_started
737378771,The Quad,pedestrian,W05001064,Sketty,not_started
739822152,White Knight Gardens,residential,W05001039,Bishopston,not_started
745358396,Glamorgan Street,residential,W05001068,Waterfront,not_started
745534450,Princess Way,tertiary,W05001068,Waterfront,not_started
758875881,Naiad Road,residential,W05001040,Bon-y-maen,not_started
78057503,Broadview Close,residential,W05001056,Mumbles,not_started
7817461,Ferryboat Close,unclassified,W05001052,Llansamlet,not_started
7817471,Morganite Roundabout,primary,W05001052,Llansamlet,not_started
79603298,Lôn Coed Parc,residential,W05001067,Uplands,not_started
79603300,Paradise View,residential,W05001066,Townhill,not_started
79603304,Lôn Pen-y-Coed,residential,W05001067,Uplands,not_started
80280827,Saint Christopher Drive,residential,W05001045,Dunvant_Killay,not_started
805155344,Coed Cae Bach,residential,W05001055,Morriston,not_started
81025226,Heaselands Place,residential,W05001045,Dunvant_Killay,not_started
81025228,Heol Brython,residential,W05001045,Dunvant_Killay,not_started
81025229,Pentre Banadl,residential,W05001045,Dunvant_Killay,not_started
81403185,Mannesmann Close,unclassified,W05001052,Llansamlet,not_started
81403189,Cynon Close,unclassified,W05001052,Llansamlet,not_started
81403191,Melrose Close,unclassified,W05001052,Llansamlet,not_started
81403195,Dyffryn Close,unclassified,W05001052,Llansamlet,not_started
823701604,Clos Coffa,residential,W05001042,Clydach,not_started
82856488,Cwmdonkin Close,residential,W05001067,Uplands,not_started
837106283,Maes Y Gruffydd Road,residential,W05001064,Sketty,not_started
84931593,Llys Felin Newydd,unclassified,W05001052,Llansamlet,not_started
84931619,Coronet Way,unclassified,W05001052,Llansamlet,not_started
84931624,Minster Close,unclassified,W05001052,Llansamlet,not_started
84931626,Parc Landwr,unclassified,W05001052,Llansamlet,not_started
8548309,Hill Street,residential,W05001049,Gowerton,not_started
857268932,Greenfield Close,residential,W05001052,Llansamlet,not_started
87834843,Short Street,residential,W05001042,Clydach,not_started
87834846,Beryl Road,residential,W05001042,Clydach,not_started
87834848,Saint John's Road,residential,W05001042,Clydach,not_started
87834849,Langer Way,residential,W05001042,Clydach,not_started
87834854,Bryn Hawddgar,residential,W05001042,Clydach,not_started
87834855,Vera Road,residential,W05001042,Clydach,not_started
87834865,View Road,residential,W05001042,Clydach,not_started
87834867,Dyson Close,residential,W05001042,Clydach,not_started
87834870,Edison Crescent,residential,W05001042,Clydach,not_started
87834874,Lon Eithrim,residential,W05001042,Clydach,not_started
87834875,Clos Ceri,residential,W05001042,Clydach,not_started
87834877,Ffordd Abiah,residential,W05001042,Clydach,not_started
87834879,Bryn Tirion,residential,W05001042,Clydach,not_started
87834885,Tan-y-lon,residential,W05001042,Clydach,not_started
87834887,Hafan Glyd,residential,W05001042,Clydach,not_started
87834895,Minyrafon Road,residential,W05001042,Clydach,not_started
87834896,Brunner Drive,residential,W05001042,Clydach,not_started
87834897,Tygwyn Road,residential,W05001042,Clydach,not_started
87834898,Ramsey Road,residential,W05001042,Clydach,not_started
87834899,Pen-y-wern Road,residential,W05001042,Clydach,not_started
87834901,Waungron Road,residential,W05001042,Clydach,not_started
87834902,Enid Road,residential,W05001042,Clydach,not_started
87834905,Bryn Road,residential,W05001042,Clydach,not_started
87834906,Down Street,residential,W05001042,Clydach,not_started
87834907,Llwynon,residential,W05001042,Clydach,not_started
87834908,Clos Tygwyn,residential,W05001042,Clydach,not_started
87834909,Heol Eithrim,residential,W05001042,Clydach,not_started
87834911,Gellionnen Close,residential,W05001042,Clydach,not_started
884832564,Clos Coed Collings,residential,W05001045,Dunvant_Killay,not_started
88543289,St Mary's Square,pedestrian,W05001041,Castle,not_started
88597411,Graig Road,residential,W05001042,Clydach,not_started
88597436,Golwg-y-lon,residential,W05001042,Clydach,not_started
88597440,Llys-y-Nant,residential,W05001042,Clydach,not_started
88597452,Gwalia Court,residential,W05001042,Clydach,not_started
88597454,Graigola Road,residential,W05001042,Clydach,not_started
88597457,Bridge Street,residential,W05001042,Clydach,not_started
89178501,Heol-y-Llwynan,residential,W05001042,Clydach,not_started
89178503,Oakwood Rise,residential,W05001042,Clydach,not_started
89178505,Oakwood Close,residential,W05001042,Clydach,not_started
89178508,Kingrosia Park,residential,W05001042,Clydach,not_started
89178511,Llys Coed Derw,residential,W05001042,Clydach,not_started
89178517,Graig y Pal,residential,W05001042,Clydach,not_started
89178519,Pearl Street,residential,W05001042,Clydach,not_started
89178520,Heol-y-Ffin,residential,W05001042,Clydach,not_started
89178522,Oakwood Drive,residential,W05001042,Clydach,not_started
89178525,Waverly Park,residential,W05001042,Clydach,not_started
89178528,The Birches,residential,W05001042,Clydach,not_started
89178532,Llys Gwilym,residential,W05001042,Clydach,not_started
90446793,Maes-y-dderwen,residential,W05001052,Llansamlet,not_started
90446795,Tegfan,residential,W05001052,Llansamlet,not_started
90446800,Blaencwm Road,residential,W05001052,Llansamlet,not_started
90446802,Fair View Close,residential,W05001052,Llansamlet,not_started
90446804,Delfan,residential,W05001052,Llansamlet,not_started
90446806,Blaencoed Road,residential,W05001052,Llansamlet,not_started
90446807,Rhyd-y-glyn,residential,W05001052,Llansamlet,not_started
90446814,Lon Ty'r Haul,residential,W05001052,Llansamlet,not_started
90446816,Clos Blaen Crymlyn,residential,W05001052,Llansamlet,not_started
90446818,Ffordd Dawel,residential,W05001052,Llansamlet,not_started
90446823,Llwyn Brwydrau,residential,W05001052,Llansamlet,not_started
90446830,Heol Rhuddos,residential,W05001052,Llansamlet,not_started
90446834,Heol Pentyla,residential,W05001052,Llansamlet,not_started
90446837,Meadow View,residential,W05001052,Llansamlet,not_started
90446843,Troed-y-rhiw,residential,W05001052,Llansamlet,not_started
90446848,Clos yr Ysgol,residential,W05001052,Llansamlet,not_started
90446856,Clos Derwen,residential,W05001052,Llansamlet,not_started
90446860,Bryn Celyn,residential,W05001052,Llansamlet,not_started
90446863,Heol Gwanwyn,residential,W05001052,Llansamlet,not_started
91082524,Ger-y-ffrwd,residential,W05001040,Bon-y-maen,not_started
91154644,Caldicot Close,residential,W05001040,Bon-y-maen,not_started
91154645,Lan Deri,residential,W05001040,Bon-y-maen,not_started
91154649,Princess of Wales Court,residential,W05001040,Bon-y-maen,not_started
91154650,Myrddin Gardens,residential,W05001040,Bon-y-maen,not_started
91154652,Cefn Llwyn,residential,W05001040,Bon-y-maen,not_started
91154654,Morawel,residential,W05001040,Bon-y-maen,not_started
91154656,Caerphilly Avenue,residential,W05001040,Bon-y-maen,not_started
91154661,Bryn Helyg,residential,W05001040,Bon-y-maen,not_started
91154662,Candleston Place,residential,W05001040,Bon-y-maen,not_started
91154665,Chirk Gardens,residential,W05001040,Bon-y-maen,not_started
91154666,Maes-Deri,residential,W05001040,Bon-y-maen,not_started
91154669,Clyro Court,residential,W05001040,Bon-y-maen,not_started
91178032,Croeso'r Gwanwyn,residential,W05001052,Llansamlet,not_started
91178033,Clos Glan-y-wern,residential,W05001052,Llansamlet,not_started
91178035,Heol Elfed,residential,W05001052,Llansamlet,not_started
91178036,Clos Eileen Chilcott,residential,W05001052,Llansamlet,not_started
91178038,Tyn-y-cae Road,residential,W05001052,Llansamlet,not_started
91178040,Heol Gwili,residential,W05001052,Llansamlet,not_started
91178057,Dyffryn Aur Road,residential,W05001052,Llansamlet,not_started
91178061,Trallwn Place,residential,W05001052,Llansamlet,not_started
91180138,Ryw Blodyn,residential,W05001052,Llansamlet,not_started
91180139,Cwrt Hocys,residential,W05001052,Llansamlet,not_started
91180140,Clos Alaw,residential,W05001052,Llansamlet,not_started
91180142,Ffordd Melyn Mair,residential,W05001052,Llansamlet,not_started
91180147,Cwrt Rhosyn,residential,W05001052,Llansamlet,not_started
91180148,Heol Eifion Wyn,residential,W05001052,Llansamlet,not_started
91180150,Clos Ysgallen,residential,W05001052,Llansamlet,not_started
91180153,Cwrt Lafant,residential,W05001052,Llansamlet,not_started
91180154,Clos Celyn,residential,W05001052,Llansamlet,not_started
91180156,Ffordd Briallu,residential,W05001052,Llansamlet,not_started
91181865,Stadwen Road,residential,W05001052,Llansamlet,not_started
91181866,Ffynnon Samlet,residential,W05001052,Llansamlet,not_started
91181867,Ffordd Gwyn,residential,W05001052,Llansamlet,not_started
91181869,Ffordd Cynghordy,residential,W05001052,Llansamlet,not_started
91181870,Midland Road,residential,W05001052,Llansamlet,not_started
91181871,Ffordd Tollborth,residential,W05001052,Llansamlet,not_started
91181872,Maes Meillion,residential,W05001052,Llansamlet,not_started
91181881,Tawe Road,residential,W05001052,Llansamlet,not_started
91181884,Clos Y Fendrod,residential,W05001052,Llansamlet,not_started
91181886,Clos Fendrod,residential,W05001052,Llansamlet,not_started
91181888,Church Close,residential,W05001052,Llansamlet,not_started
912322786,Allchurch Gardens,residential,W05001056,Mumbles,not_started
920233630,Hendrefoilan Drive,residential,W05001045,Dunvant_Killay,not_started
92162132,Felin Fran,residential,W05001052,Llansamlet,not_started
92164002,Millbrook Drive,unclassified,W05001052,Llansamlet,not_started
92164012,Water Wheel Drive,unclassified,W05001052,Llansamlet,not_started
92166512,Llys yr Ardd,residential,W05001055,Morriston,not_started
92166517,Cwrt Ifor Simms,residential,W05001055,Morriston,not_started
92166526,Bush Road,residential,W05001055,Morriston,not_started
92166532,Gwernos,residential,W05001055,Morriston,not_started
92166534,Nixon Terrace,residential,W05001055,Morriston,not_started
92166553,Llys Gwernen,residential,W05001055,Morriston,not_started
92166554,Bryneithin Terrace,residential,W05001055,Morriston,not_started
92166556,Maes Collen,residential,W05001055,Morriston,not_started
92166559,Rock Terrace,residential,W05001055,Morriston,not_started
92166561,Strawberry Place,residential,W05001055,Morriston,not_started
923197953,Morfa Road,tertiary,W05001041,Castle,not_started
93667462,Marina Villas,residential,W05001068,Waterfront,not_started
941377802,Scotts Road,residential,W05001040,Bon-y-maen,not_started
9527212,Grenfell Park Road,residential,W05001065,StThomas,not_started
9527215,Dring Street,residential,W05001065,StThomas,not_started
9527217,Kilvey Terrace,residential,W05001065,StThomas,not_started
957264360,Ship Inn,bus_stop,W05001065,StThomas,not_started
96001056,Eliot Close,residential,W05001045,Dunvant_Killay,not_started
96001061,Clos Cynan,residential,W05001045,Dunvant_Killay,not_started
96001159,Lon Alfa,residential,W05001045,Dunvant_Killay,not_started
96001178,Killay Precinct,pedestrian,W05001045,Dunvant_Killay,not_started
96001187,Tennyson Way,residential,W05001045,Dunvant_Killay,not_started
963410033,Ffordd Moriah,residential,W05001053,Llwchwr,not_started
963410977,Golwg Y Foryd,residential,W05001053,Llwchwr,not_started
96536480,Viking Way,unclassified,W05001052,Llansamlet,not_started
96536483,Pentre-Chwyth Road,secondary,W05001065,StThomas,not_started
96570794,Brynteg,residential,W05001042,Clydach,not_started
96570827,Heol Dywyll,unclassified,W05001042,Clydach,not_started
96570827,Heol Dywyll,unclassified,W05001055,Morriston,not_started
96570861,Odo Street,residential,W05001050,Landore,not_started
96897361,Broadway,tertiary,W05001067,Uplands,not_started
96897361,Broadway,tertiary,W05001064,Sketty,not_started
96897371,Llythrid Avenue,residential,W05001064,Sketty,not_started
96897376,Parc Wern Road,residential,W05001067,Uplands,not_started
96897376,Parc Wern Road,residential,W05001064,Sketty,not_started
96897378,Pantycelyn Road,residential,W05001066,Townhill,not_started
96897379,Townhill Gardens,residential,W05001066,Townhill,not_started
96897381,Fairfield Terrace,residential,W05001067,Uplands,not_started
96904597,Elphin Road,residential,W05001043,Cockett,not_started
989163788,John Charles Close,residential,W05001044,Cwmbwrla,not_started
99025088,Pont-y-Glasdwr,residential,W05001041,Castle,not_started
@id,name,highway,W05001045,Dunvant_Killay,not_started
